k,omega_B2_caseA_mV0,omega_B2_caseA_mV1,omega_B2_caseA_mV5,omega_B2_caseA_mV20,omega_B2_caseB_mV0,omega_B2_caseB_mV1,omega_B2_caseB_mV5,omega_B2_caseB_mV20
1.000000000000000048e-04,9.999999315547477338e-05,9.999999954300664779e-05,9.999998427368938375e-05,1.000000908550579247e-04,9.999999315547477338e-05,1.112697337378050331e-04,1.943650580218689663e-04,2.400396696288617428e-04
1.026173641941111855e-04,1.026173681124818184e-04,1.026173650255207930e-04,1.026173627726213879e-04,1.026173075257516326e-04,1.026173681124818184e-04,1.141820682827281576e-04,1.994523114000662154e-04,2.463223500234585587e-04
1.053032343414685303e-04,1.053032376383565750e-04,1.053032376383565479e-04,1.053032329299528506e-04,1.053032502272280893e-04,1.053032376383565750e-04,1.171706283135004489e-04,2.046726995013278545e-04,2.527695301207476654e-04
1.080594034923631141e-04,1.080593971200279188e-04,1.080594049296181735e-04,1.080594135587344075e-04,1.080593896739480333e-04,1.080593971200279188e-04,1.202374032872664231e-04,2.100297399478552986e-04,2.593854310032434008e-04
1.108877116277423537e-04,1.108877105950290237e-04,1.108877133640818601e-04,1.108877154331650597e-04,1.108877105950288746e-04,1.108877105950290237e-04,1.233844601893550571e-04,2.155269680181295586e-04,2.661745048538345084e-04
1.137900468875561544e-04,1.137900456080888183e-04,1.137900471847424886e-04,1.137900375372995557e-04,1.137900284202003224e-04,1.137900456080888183e-04,1.266138745450497160e-04,2.211681024848092072e-04,2.731412533274979416e-04
1.167683468312533779e-04,1.167683455941832528e-04,1.167683452298543515e-04,1.167683453241845349e-04,1.167683748082154878e-04,1.167683455941832528e-04,1.299278208288416961e-04,2.269568742931055779e-04,2.802904000389814750e-04
1.198245997312701624e-04,1.198245995269696780e-04,1.198246064560055957e-04,1.198246006615508630e-04,1.198247824984938404e-04,1.198245995269696780e-04,1.333285060450220972e-04,2.328971588292821947e-04,2.876265971794720786e-04
1.229608459003734850e-04,1.229608443041128451e-04,1.229608443041128722e-04,1.229608486114570941e-04,1.229608731971623648e-04,1.229608443041128451e-04,1.368181930447412474e-04,2.389929244215341852e-04,2.951548513853343575e-04
1.261791790537460860e-04,1.261791772953714172e-04,1.261791772953714985e-04,1.261791702563459132e-04,1.261791843343941294e-04,1.261791772953714172e-04,1.403992238152672995e-04,2.452482449701142288e-04,3.028800972303946886e-04
1.294817477067222776e-04,1.294817464903967889e-04,1.294817478744295157e-04,1.294817394560402932e-04,1.294817307660798937e-04,1.294817464903967889e-04,1.440739874168686619e-04,2.516672828010293539e-04,3.108075628704430387e-04
1.328707566091074180e-04,1.328707574322487506e-04,1.328707578115152473e-04,1.328707511269862590e-04,1.328707912341553911e-04,1.328707574322487506e-04,1.478449302358117771e-04,2.582543291890734860e-04,3.189425356120734211e-04
1.363484682170388197e-04,1.363484683937469144e-04,1.363484714506973592e-04,1.363484779647299722e-04,1.363482955716970577e-04,1.363484683937469144e-04,1.517145698998590526e-04,2.650137830741461408e-04,3.272904286353197213e-04
1.399172042033706390e-04,1.399172099038672188e-04,1.399172036949235135e-04,1.399172066720628547e-04,1.399171146855471466e-04,1.399172099038672188e-04,1.556854962856850442e-04,2.719501488366741289e-04,3.358568173708717693e-04
1.435793470075911072e-04,1.435793483014128193e-04,1.435793421154365004e-04,1.435793544873885689e-04,1.435793576808608567e-04,1.435793483014128193e-04,1.597603503866343408e-04,2.790680847657652538e-04,3.446473944815120266e-04
1.473373414263064326e-04,1.473373399463161757e-04,1.473373411130070787e-04,1.473373431340386141e-04,1.473373109720235925e-04,1.473373399463161757e-04,1.639418577343452143e-04,2.863723159319488034e-04,3.536680862767128952e-04
1.511936962453539466e-04,1.511936917928374661e-04,1.511936953111385408e-04,1.511936986162844656e-04,1.511936819688143336e-04,1.511936917928374661e-04,1.682328114409657282e-04,2.938677217376970698e-04,3.629248624555587760e-04
1.551509859146330591e-04,1.551509852187743239e-04,1.551509838126464513e-04,1.551509828288681798e-04,1.551509927771329395e-04,1.551509852187743239e-04,1.726360794020231969e-04,3.015593113752467304e-04,3.724239340711000168e-04
1.592118522667731637e-04,1.592118586242177909e-04,1.592118540916093443e-04,1.592118397964600515e-04,1.592115831808705423e-04,1.592118586242177909e-04,1.771545913642219735e-04,3.094522194519283543e-04,3.821716264126731946e-04
1.633790062807848747e-04,1.633790052085867177e-04,1.633790065343453666e-04,1.633790057347112717e-04,1.633790440653745679e-04,1.633790052085867177e-04,1.817913749374264784e-04,3.175517081572952916e-04,3.921744545191729664e-04
1.676552298918727976e-04,1.676552286395428793e-04,1.676552331167391623e-04,1.676552357655631664e-04,1.676552278190918859e-04,1.676552286395428793e-04,1.865495171518361851e-04,3.258631927839035535e-04,4.024390712784603886e-04
1.720433778486174720e-04,1.720433756007576690e-04,1.720433781820208073e-04,1.720433777560920110e-04,1.720433626264914763e-04,1.720433756007576690e-04,1.914321952657179892e-04,3.343922223475708356e-04,4.129723763722810545e-04
1.765463796187665974e-04,1.765463806614944590e-04,1.765463794037819647e-04,1.765463790622189509e-04,1.765463872913182377e-04,1.765463806614944590e-04,1.964426763417826153e-04,3.431444724227657086e-04,4.237813291690006238e-04
1.811672413449077991e-04,1.811672420144131302e-04,1.811672388813464888e-04,1.811672400348530597e-04,1.811672290762783273e-04,1.811672420144131302e-04,2.015842972537946988e-04,3.521258204438422121e-04,4.348732675201944279e-04
1.859090478513284210e-04,1.859090481492461715e-04,1.859090517483591497e-04,1.859090450957200981e-04,1.859090614001830048e-04,1.859090481492461715e-04,2.068604921152047418e-04,3.613422411941654539e-04,4.462554764934359105e-04
1.907749647034021230e-04,1.907749649194670548e-04,1.907749630428835308e-04,1.907749628807840845e-04,1.907749537316127009e-04,1.907749649194670548e-04,2.122747844803626492e-04,3.707998806874333517e-04,4.579356175271817597e-04
1.957682403208772120e-04,1.957682406292793602e-04,1.957682409764202147e-04,1.957682360923917845e-04,1.957682315555048594e-04,1.957682406292793602e-04,2.178307895232545199e-04,3.805050632926450542e-04,4.699214628593074571e-04
2.008922081464773900e-04,2.008922074797364220e-04,2.008922065519920227e-04,2.008922097086003795e-04,2.008922033390221748e-04,2.008922074797364220e-04,2.235322129303571575e-04,3.904642654291229972e-04,4.822210175461620228e-04
2.061502888712626002e-04,2.061502923777147275e-04,2.061502923777147546e-04,2.061502872391202622e-04,2.061503096113245575e-04,2.061502923777147275e-04,2.293828659963451978e-04,4.006841379632851115e-04,4.948424872839075634e-04
2.115459927182358161e-04,2.115459914007261296e-04,2.115459937009247083e-04,2.115460020979482633e-04,2.115460356860472809e-04,2.115459914007261296e-04,2.353866494399478907e-04,4.111715015948078414e-04,5.077943186009335015e-04
2.170829217857199716e-04,2.170829207200154266e-04,2.170829218955838854e-04,2.170829261683055746e-04,2.170829286164472260e-04,2.170829207200154266e-04,2.415475755675913327e-04,4.219333594837393125e-04,5.210851472933503842e-04
2.227647724520698074e-04,2.227647691831669452e-04,2.227647714314120466e-04,2.227647851314407883e-04,2.227647648927242967e-04,2.227647691831669452e-04,2.478697516419137571e-04,4.329768893984596752e-04,5.347238446270389601e-04
2.285953378433235234e-04,2.285953370603298449e-04,2.285953370603298991e-04,2.285953359632986062e-04,2.285953215188342371e-04,2.285953370603298449e-04,2.543574110913586310e-04,4.443094752922232128e-04,5.487195169325274121e-04
2.345785103654421714e-04,2.345785088419975793e-04,2.345785123667968198e-04,2.345785123667970366e-04,2.345785069939945733e-04,2.345785088419975793e-04,2.610148689391245439e-04,4.559386689288994388e-04,5.630815138677185572e-04
2.407182843028266505e-04,2.407182835461548799e-04,2.407182845010708493e-04,2.407182918804722199e-04,2.407183804332734336e-04,2.407182835461548799e-04,2.678465793716166242e-04,4.678722444230206507e-04,5.778193929876208846e-04
2.470187584848476279e-04,2.470187583705619853e-04,2.470187605488468816e-04,2.470187562364818549e-04,2.470187673723634055e-04,2.470187583705619853e-04,2.748571004159113592e-04,4.801181657481096003e-04,5.929430299218682240e-04
2.534841390221680190e-04,2.534841353335059045e-04,2.534841353335057419e-04,2.534841318296241494e-04,2.534841388373879306e-04,2.534841353335059045e-04,2.820511054473556138e-04,4.926846044016299419e-04,6.084625150829984326e-04
2.601187421146852340e-04,2.601187412875881626e-04,2.601187410144167032e-04,2.601187447401374984e-04,2.601187814461296396e-04,2.601187412875881626e-04,2.894334158870631962e-04,5.055799568136833295e-04,6.243882026112286023e-04
2.669269969329674517e-04,2.669269951528602486e-04,2.669269956854928888e-04,2.669269973492011225e-04,2.669270156500174970e-04,2.669269951528602486e-04,2.970089416250180025e-04,5.188128252793006330e-04,6.407307111955305810e-04
2.739134485751071584e-04,2.739134461460617496e-04,2.739134470666581937e-04,2.739134510098890267e-04,2.739134362284529689e-04,2.739134461460617496e-04,3.047827482338880123e-04,5.323920459641089510e-04,6.575009602803417791e-04
2.810827611009671795e-04,2.810827621304709187e-04,2.810827621304709187e-04,2.810827558107758801e-04,2.810827621304703224e-04,2.810827621304709187e-04,3.127600213118950459e-04,5.463266849732015045e-04,6.747101624949872157e-04
2.884397206458430020e-04,2.884397202987066199e-04,2.884397179892678469e-04,2.884397241477708622e-04,2.884397264297046187e-04,2.884397202987066199e-04,3.209460919094243663e-04,5.606260446681847823e-04,6.923697830416995942e-04
2.959892386156215936e-04,2.959892373902314158e-04,2.959892372141291190e-04,2.959892362243018668e-04,2.959892426414750832e-04,2.959892373902314158e-04,3.293464184731885566e-04,5.752996689974866759e-04,7.104916075197250085e-04
3.037363549655692336e-04,3.037363535266890228e-04,3.037363537833897165e-04,3.037363551167000233e-04,3.037363450881893408e-04,3.037363535266890228e-04,3.379666143411529642e-04,5.903573571672554197e-04,7.290877647324735342e-04
3.116862415649364944e-04,3.116862392723685577e-04,3.116862386522854171e-04,3.116862372274898057e-04,3.116862335542177785e-04,3.116862392723685577e-04,3.468124307305579367e-04,6.058091592519032360e-04,7.481706508018619870e-04
3.198442056496280327e-04,3.198442030720069192e-04,3.198442037440419922e-04,3.198442045383539825e-04,3.198441997489761038e-04,3.198442030720069192e-04,3.558897748795987123e-04,6.216653906928496865e-04,7.677530028158320195e-04
3.282156933652407389e-04,3.282156888814912127e-04,3.282156915875726112e-04,3.282156990292969313e-04,3.282156847893350740e-04,3.282156888814912127e-04,3.652047066612267631e-04,6.379366390638751411e-04,7.878479030938898659e-04
3.368062934028363017e-04,3.368062913487202556e-04,3.368062904836090503e-04,3.368062940225484826e-04,3.368062828478787319e-04,3.368062913487202556e-04,3.747634441607022664e-04,6.546337634851920112e-04,8.084687465256118477e-04
3.456217407298751727e-04,3.456217383648446922e-04,3.456217377313676974e-04,3.456217420453767540e-04,3.456217368143547040e-04,3.456217383648446922e-04,3.845723680900906515e-04,6.717679130611943408e-04,8.296293201046149287e-04
3.546679204188027770e-04,3.546679182133321618e-04,3.546679170898354668e-04,3.546679245476606771e-04,3.546679045136288976e-04,3.546679182133321618e-04,3.946380277091812478e-04,6.893505253162874637e-04,8.513437356952602026e-04
3.639508715758432733e-04,3.639508682942411782e-04,3.639508682215133843e-04,3.639508691628950141e-04,3.639508713650357733e-04,3.639508682942411782e-04,4.049671388974678010e-04,7.073933388099065168e-04,8.736265209290995128e-04
3.734767913726249559e-04,3.734767881142906525e-04,3.734767876187440150e-04,3.734767876163080295e-04,3.734768448377371220e-04,3.734767881142906525e-04,4.155666061806546343e-04,7.259084007221310855e-04,8.964924873928243774e-04
3.832520391833273686e-04,3.832520357090786478e-04,3.832520358812652400e-04,3.832520307844351098e-04,3.832520363661199637e-04,3.832520357090786478e-04,4.264434926480858827e-04,7.449080659386795016e-04,9.199569610575862545e-04
3.932831408301127305e-04,3.932831375047014409e-04,3.932831368658624700e-04,3.932831373423101274e-04,3.932831002399258657e-04,3.932831375047014409e-04,4.376050771326031835e-04,7.644050215559873660e-04,9.440355832074690499e-04
4.035767929396764301e-04,4.035767891400922477e-04,4.035767898366068168e-04,4.035767881860321746e-04,4.035767876824911723e-04,4.035767891400922477e-04,4.490587953221353615e-04,7.844122873596713879e-04,9.687444392888118223e-04
4.141398674138217599e-04,4.141398634888181544e-04,4.141398633315303431e-04,4.141398638458949357e-04,4.141398649127742680e-04,4.141398634888181544e-04,4.608122993499592143e-04,8.049432121828523643e-04,9.941000078094851949e-04
4.249794160170506404e-04,4.249794113086742650e-04,4.249794107898897597e-04,4.249794115433371401e-04,4.249794086084407820e-04,4.249794113086742650e-04,4.728734347899079182e-04,8.260115072146092651e-04,1.020119228857230363e-03
4.361026750842237178e-04,4.361026697295466211e-04,4.361026700618632064e-04,4.361026698909618816e-04,4.361026901146140074e-04,4.361026697295466211e-04,4.852502542059502935e-04,8.476312363349543764e-04,1.046819465785755066e-03
4.475170703514392786e-04,4.475170660588813788e-04,4.475170620895204602e-04,4.475170640742013803e-04,4.475170680435611062e-04,4.475170660588813788e-04,4.979510214604041494e-04,8.698168325892985386e-04,1.074218541479878778e-03
4.592302219133531779e-04,4.592302160731422675e-04,4.592302161647291618e-04,4.592302180072014629e-04,4.592302412158999893e-04,4.592302160731422675e-04,5.109842122867253337e-04,8.925831053835426741e-04,1.102334756642834711e-03
4.712499493102506620e-04,4.712499430312444299e-04,4.712499426281307438e-04,4.712499426281313943e-04,4.712499350892154510e-04,4.712499430312444299e-04,5.243585294111363995e-04,9.159452561554685132e-04,1.131186864523848513e-03
4.835842767482642353e-04,4.835842721121996453e-04,4.835842702755427879e-04,4.835842694957328148e-04,4.835842740807490465e-04,4.835842721121996453e-04,5.380829025931883978e-04,9.399188806097218433e-04,1.160794136487915303e-03
4.962414384562249077e-04,4.962414309140662783e-04,4.962414311417709606e-04,4.962414283889806689e-04,4.962414271359583519e-04,4.962414309140662783e-04,5.521664899508964622e-04,9.645199793992823229e-04,1.191176352696692118e-03
5.092298841827203526e-04,5.092298757816854935e-04,5.092298788687121130e-04,5.092298753369834926e-04,5.092298788687092941e-04,5.092298757816854935e-04,5.666186972296645896e-04,9.897649804544144531e-04,1.222353780009340996e-03
5.225582848370327648e-04,5.225582762840534764e-04,5.225582759451781727e-04,5.225582722236669008e-04,5.225582818069022563e-04,5.225582762840534764e-04,5.814491720523360784e-04,1.015670734190751148e-03,1.254347233055025639e-03
5.362355382777187623e-04,5.362355282889625209e-04,5.362355282889624125e-04,5.362355286599344373e-04,5.362355233199725662e-04,5.362355282889625209e-04,5.966678143928024879e-04,1.042254534332255145e-03,1.287178068319042631e-03
5.502707752526992237e-04,5.502707645524355234e-04,5.502707648868159418e-04,5.502707645903037780e-04,5.502707584305192899e-04,5.502707645524355234e-04,6.122847823891709685e-04,1.069534131365580112e-03,1.320868210176124550e-03
5.646733654948213853e-04,5.646733537274144579e-04,5.646733537274141327e-04,5.646733545156978505e-04,5.646733576395994870e-04,5.646733537274144579e-04,6.283105020114102858e-04,1.097527735009320169e-03,1.355440133582246466e-03
5.794529239769654087e-04,5.794529112536277258e-04,5.794529124032184566e-04,5.794529131696103978e-04,5.794528809810672258e-04,5.794529112536277258e-04,6.447556794054199467e-04,1.126254032821223314e-03,1.390916936763849938e-03
5.946193173308688372e-04,5.946193058718600736e-04,5.946193051250134786e-04,5.946193038617541247e-04,5.946192931754548400e-04,5.946193058718600736e-04,6.616312820800671849e-04,1.155732202688193946e-03,1.427322293402670831e-03
6.101826704339553343e-04,6.101826563199823231e-04,6.101826558280364294e-04,6.101826559840666745e-04,6.101826732951703969e-04,6.101826563199823231e-04,6.789485810076371485e-04,1.185981923787941990e-03,1.464680516043220847e-03
6.261533731685651203e-04,6.261533579179934814e-04,6.261533578036568813e-04,6.261533565287000702e-04,6.261533547372353072e-04,6.261533579179934814e-04,6.967191371384908252e-04,1.217023389072480633e-03,1.503016547331220091e-03
6.425420873580985808e-04,6.425420702147275481e-04,6.425420709058707628e-04,6.425420706611805356e-04,6.425420169966326867e-04,6.425420702147275481e-04,7.149548126917274577e-04,1.248877322817887022e-03,1.542355974254016248e-03
6.593597538847041075e-04,6.593597345109438075e-04,6.593597362017845258e-04,6.593597356714509363e-04,6.593597364774544207e-04,6.593597345109438075e-04,7.336677828700546118e-04,1.281564989890321415e-03,1.582725036870285575e-03
6.766175999932619051e-04,6.766175786504862680e-04,6.766175805332284941e-04,6.766175784043619666e-04,6.766175711846495085e-04,6.766175786504862680e-04,7.528705394696733532e-04,1.315108212351891225e-03,1.624150710980465893e-03
6.943271467865400710e-04,6.943271259749991039e-04,6.943271259749999712e-04,6.943271257029343980e-04,6.943271236194089886e-04,6.943271259749991039e-04,7.725759031549414135e-04,1.349529381261628958e-03,1.666660656076597276e-03
7.125002169165248070e-04,7.125001944241262384e-04,7.125001954519755935e-04,7.125001938678487750e-04,7.125001730137926629e-04,7.125001944241262384e-04,7.927970266382048043e-04,1.384851480471919506e-03,1.710283236791097306e-03
7.311489424770623632e-04,7.311489174486203706e-04,7.311489186633969139e-04,7.311489183878089847e-04,7.311489154311895519e-04,7.311489174486203706e-04,8.135474106483546984e-04,1.421098087889620474e-03,1.755047579241184562e-03
7.502857731030796590e-04,7.502857465656643816e-04,7.502857476486008564e-04,7.502857476486010733e-04,7.502857571189017021e-04,7.502857465656643816e-04,8.348409074601779610e-04,1.458293399124770606e-03,1.800983563952520241e-03
7.699234842817899568e-04,7.699234562232385977e-04,7.699234562232390314e-04,7.699234556464462946e-04,7.699234285369940247e-04,7.699234562232385977e-04,8.566917328352216792e-04,1.496462247628990066e-03,1.848121862002154647e-03
7.900751858814347023e-04,7.900751550027180180e-04,7.900751550004260146e-04,7.900751569703705129e-04,7.900751659637274618e-04,7.900751550027180180e-04,8.791144736025100328e-04,1.535630113497782421e-03,1.896493944198932979e-03
8.107543309032528341e-04,8.107542976413729301e-04,8.107542978258755169e-04,8.107542969116026278e-04,8.107543106052961593e-04,8.107542976413729301e-04,9.021240991334135255e-04,1.575823145177624547e-03,1.946132093345949833e-03
8.319747244625203290e-04,8.319746882702384102e-04,8.319746872026832947e-04,8.319746877364615030e-04,8.319746807973503249e-04,8.319746882702384102e-04,9.257359689627991158e-04,1.617068174562901611e-03,1.997069459643725179e-03
8.537505330046574626e-04,8.537504937255027725e-04,8.537504939855840086e-04,8.537504947658276083e-04,8.537504635560622590e-04,8.537504937255027725e-04,9.499658494753412952e-04,1.659392736599342487e-03,2.049340040548794546e-03
8.760962937625547909e-04,8.760962514136234631e-04,8.760962517040687568e-04,8.760962524274175465e-04,8.760962818273506638e-04,8.760962514136234631e-04,9.748299128323168698e-04,1.702825086586599477e-03,2.102978734863765464e-03
8.990269244614310529e-04,8.990268789215492915e-04,8.990268792920242096e-04,8.990268818853495037e-04,8.990268858370725671e-04,8.990268789215492915e-04,1.000344759844526291e-03,1.747394217170350700e-03,2.158021345208175398e-03
9.225577332777035958e-04,9.225576844323095035e-04,9.225576835066695135e-04,9.225576838291243585e-04,9.225576853714111646e-04,9.225576844323095035e-04,1.026527422101164086e-03,1.793129887597121963e-03,2.214504621548190038e-03
9.467044290585179163e-04,9.467043766602173741e-04,9.467043761911272210e-04,9.467043761911286305e-04,9.467043874492775575e-04,9.467043766602173741e-04,1.053395381364833315e-03,1.840062628004715886e-03,2.272466274313056540e-03
9.714831318087602859e-04,9.714830743852442569e-04,9.714830749474312726e-04,9.714830740331808264e-04,9.714830575766899255e-04,9.714830743852442569e-04,1.080966569779405126e-03,1.888223764783347400e-03,2.331944998584886079e-03
9.969103834525528535e-04,9.969103223302468522e-04,9.969103229984452048e-04,9.969103212922323428e-04,9.969103188901308216e-04,9.969103223302468522e-04,1.109259398101868988e-03,1.937645456810178435e-03,2.392980491011399789e-03
1.023003158876416340e-03,1.023003092345701158e-03,1.023003092099991239e-03,1.023003093213908140e-03,1.023003089741061564e-03,1.023003092345701158e-03,1.138292752643775812e-03,1.988360688330689970e-03,2.455613495185696854e-03
1.049778877261474093e-03,1.049778804959837627e-03,1.049778804305536795e-03,1.049778805281496993e-03,1.049778804183942654e-03,1.049778804959837627e-03,1.168086014880551039e-03,2.040403329613725732e-03,2.519885847231046090e-03
1.077255413712258298e-03,1.077255335716551399e-03,1.077255335494676797e-03,1.077255335248836123e-03,1.077255345610390403e-03,1.077255335716551399e-03,1.198659074993674604e-03,2.093808114955071024e-03,2.585840444053515153e-03
1.105451111189887292e-03,1.105451026874735643e-03,1.105451027549113514e-03,1.105451026425610965e-03,1.105451028151719370e-03,1.105451026874735643e-03,1.230032343683537619e-03,2.148610693628274625e-03,2.653521300545704040e-03
1.134384792757575731e-03,1.134384702630919809e-03,1.134384701682623897e-03,1.134384699499076717e-03,1.134384703233536074e-03,1.134384702630919809e-03,1.262226764257327535e-03,2.204847658342284130e-03,2.722973615158037416e-03
1.164075774146654859e-03,1.164075675694143741e-03,1.164075674804031972e-03,1.164075675662396567e-03,1.164075677187775782e-03,1.164075675694143741e-03,1.295263829709278770e-03,2.262556547939542900e-03,2.794243751159817147e-03
1.194543876651492018e-03,1.194543769285971030e-03,1.194543769981286363e-03,1.194543770958917750e-03,1.194543771606409359e-03,1.194543769285971030e-03,1.329165595534663675e-03,2.321775888863658339e-03,2.867379284619558152e-03
1.225809440361915782e-03,1.225809325223945877e-03,1.225809325132604663e-03,1.225809325920757626e-03,1.225809327089296850e-03,1.225809325223945877e-03,1.363954692192718629e-03,2.382545217987733568e-03,2.942429049455388881e-03
1.257893337741983197e-03,1.257893213387641703e-03,1.257893213415057707e-03,1.257893213609027980e-03,1.257893191526460001e-03,1.257893213387641703e-03,1.399654346447127239e-03,2.444905097551078148e-03,3.019443134213275603e-03
1.290816987564151952e-03,1.290816853999249758e-03,1.290816853169599390e-03,1.290816852623089287e-03,1.290816853184787762e-03,1.290816853999249758e-03,1.436288390387659890e-03,2.508897163450975795e-03,3.098472955268906631e-03
1.324602369208160817e-03,1.324602222668265798e-03,1.324602223995950939e-03,1.324602224009319368e-03,1.324602226424059434e-03,1.324602222668265798e-03,1.473881278995780057e-03,2.574564134643089752e-03,3.179571277801089817e-03
1.359272037334163666e-03,1.359271881141140524e-03,1.359271880324364407e-03,1.359271880076749761e-03,1.359271882308934250e-03,1.359271881141140524e-03,1.512458110823418746e-03,2.641949849912695984e-03,3.262792240485110594e-03
1.394849136939913707e-03,1.394848967343986562e-03,1.394848966866424128e-03,1.394848967503183436e-03,1.394848967189296065e-03,1.394848967343986562e-03,1.552044638225667230e-03,2.711099292903224045e-03,3.348191392134220856e-03
1.431357418812047831e-03,1.431357235467579101e-03,1.431357235685805146e-03,1.431357235766374811e-03,1.431357254146141053e-03,1.431357235467579101e-03,1.592667286769807204e-03,2.782058628999973214e-03,3.435825754810418586e-03
1.468821255381788562e-03,1.468821056186750493e-03,1.468821057698473966e-03,1.468821058303164525e-03,1.468821059722753147e-03,1.468821056186750493e-03,1.634353178373159406e-03,2.854875228445161867e-03,3.525753827503633718e-03
1.507265656995645858e-03,1.507265442979540239e-03,1.507265443035589372e-03,1.507265442299011255e-03,1.507265430661022939e-03,1.507265442979540239e-03,1.677130140039224341e-03,2.929597703170903379e-03,3.618035646760728221e-03
1.546716288611984635e-03,1.546716056922339952e-03,1.546716057783692824e-03,1.546716056922345373e-03,1.546716059473293757e-03,1.546716056922339952e-03,1.721026730049992097e-03,3.006275937022320939e-03,3.712732809168808185e-03
1.587199486934601656e-03,1.587199236767495008e-03,1.587199237327082974e-03,1.587199239005853595e-03,1.587199236767478745e-03,1.587199236767495008e-03,1.766072252185994567e-03,3.084961118030284544e-03,3.809908555495802006e-03
1.628742277994744492e-03,1.628742007422545948e-03,1.628742007912849276e-03,1.628742007681582013e-03,1.628742004150689421e-03,1.628742007422545948e-03,1.812296778387787735e-03,3.165705777644612761e-03,3.909627735919196830e-03
1.671372395193329845e-03,1.671372103339422051e-03,1.671372103321463760e-03,1.671372104384287634e-03,1.671372114481006668e-03,1.671372103339422051e-03,1.859731167697093075e-03,3.248563817145410683e-03,4.011956933293143839e-03
1.715118297815378546e-03,1.715117982193301678e-03,1.715117982711155016e-03,1.715117982584763714e-03,1.715117983157955816e-03,1.715117982193301678e-03,1.908407086020114628e-03,3.333590552476623902e-03,4.116964458269409266e-03
1.760009190029047498e-03,1.760008849447424698e-03,1.760008849258874785e-03,1.760008849392496414e-03,1.760008853484593084e-03,1.760008849447424698e-03,1.958357030185305190e-03,3.420842746903868508e-03,4.224720409907956921e-03
1.806075040381933993e-03,1.806074672128037215e-03,1.806074672207873310e-03,1.806074672676854067e-03,1.806074670621153405e-03,1.806074672128037215e-03,2.009614342745623394e-03,3.510378647647213399e-03,4.335296735280942670e-03
1.853346601807669960e-03,1.853346203919733386e-03,1.853346203979214018e-03,1.853346204585852239e-03,1.853346202312485848e-03,1.853346203919733386e-03,2.062213244918207917e-03,3.602258027655824788e-03,4.448767233034019337e-03
1.901855432156160288e-03,1.901855002227327302e-03,1.901855001760321311e-03,1.901855002460831274e-03,1.901855012501490767e-03,1.901855002227327302e-03,2.116188849187044217e-03,3.696542225575142043e-03,4.565207668662221892e-03
1.951633915261174069e-03,1.951633450744756334e-03,1.951633450653231672e-03,1.951633450732089166e-03,1.951633445948150296e-03,1.951633450744756334e-03,2.171577191104806515e-03,3.793294182899971650e-03,4.684695782631498676e-03
2.002715282559350447e-03,2.002714780317521159e-03,2.002714780317525062e-03,2.002714779430559214e-03,2.002714781462813353e-03,2.002714780317521159e-03,2.228415244566467421e-03,3.892578489112319927e-03,4.807311333677261912e-03
2.055133635275051534e-03,2.055133092837850041e-03,2.055133092557186961e-03,2.055133092557199104e-03,2.055133091438009294e-03,2.055133092837850041e-03,2.286740954339656125e-03,3.994461426425292144e-03,4.933136181643310060e-03
2.108923967185876054e-03,2.108923380917921298e-03,2.108923381085346833e-03,2.108923381506512974e-03,2.108923376031519685e-03,2.108923380917921298e-03,2.346593257665480648e-03,4.099011010264398333e-03,5.062254319889012387e-03
2.164122187984028611e-03,2.164121554420282006e-03,2.164121554397002885e-03,2.164121554807433689e-03,2.164121554807334376e-03,2.164121554420282006e-03,2.408012110940029905e-03,4.206297035480231934e-03,5.194751952143221961e-03
2.220765147249138208e-03,2.220764463060850586e-03,2.220764462675123979e-03,2.220764462817336610e-03,2.220764463639007032e-03,2.220764463060850586e-03,2.471038516397594878e-03,4.316391125140853560e-03,5.330717529506780877e-03
2.278890659048537527e-03,2.278889919381328101e-03,2.278889919585946108e-03,2.278889919926996646e-03,2.278889922265449428e-03,2.278889919381328101e-03,2.535714548869654264e-03,4.429366775203869531e-03,5.470241821150611736e-03
2.338537527181418219e-03,2.338536727881306877e-03,2.338536727802395174e-03,2.338536727807445821e-03,2.338536732220361167e-03,2.338536727881306877e-03,2.602083385080301240e-03,4.545299409090641611e-03,5.613417971746242387e-03
2.399745571083718079e-03,2.399744707564461545e-03,2.399744706824219476e-03,2.399744707194376072e-03,2.399744706634488432e-03,2.399744707564461545e-03,2.670189331770946983e-03,4.664266419567798284e-03,5.760341563644180360e-03
2.462555652411032268e-03,2.462554719116433980e-03,2.462554719088078190e-03,2.462554718918474276e-03,2.462554721623543951e-03,2.462554719116433980e-03,2.740077854508262811e-03,4.786347227397175566e-03,5.911110681283115661e-03
2.527009702317299569e-03,2.527008693722436559e-03,2.527008693735489052e-03,2.527008694077363150e-03,2.527008696186266046e-03,2.527008693722436559e-03,2.811795609970567725e-03,4.911623332717391342e-03,6.065825973228525063e-03
2.593150749447468290e-03,2.593149659780927263e-03,2.593149659571050876e-03,2.593149659438468996e-03,2.593149658770722756e-03,2.593149659780927263e-03,2.885390475682183143e-03,5.040178365362440148e-03,6.224590730750867267e-03
2.661022948662832184e-03,2.661021770916916634e-03,2.661021770997393926e-03,2.661021771371269336e-03,2.661021770394801731e-03,2.661021770916916634e-03,2.960911581198494378e-03,5.172098150266940357e-03,6.387510938978696769e-03
2.730671610518214595e-03,2.730670338087179926e-03,2.730670338087185563e-03,2.730670337833964942e-03,2.730670337733512310e-03,2.730670338087179926e-03,3.038409343434796822e-03,5.307470752534967397e-03,6.554695362656636631e-03
2.802143231510677811e-03,2.802141856349991099e-03,2.802141856336386096e-03,2.802141856326710676e-03,2.802141855658358584e-03,2.802141856349991099e-03,3.117935498575597538e-03,5.446386545327895796e-03,6.726255611505384951e-03
2.875485525119948500e-03,2.875484039204289754e-03,2.875484039206971203e-03,2.875484038976680156e-03,2.875484029710348097e-03,2.875484039204289754e-03,3.199543135924377661e-03,5.588938267121555670e-03,6.902306215904482206e-03
2.950747453661287881e-03,2.950745847964952873e-03,2.950745847954275650e-03,2.950745847998790389e-03,2.950745848202616060e-03,2.950745847964952873e-03,3.283286735009223901e-03,5.735221081680855204e-03,7.082964707458717230e-03
3.027979260972066093e-03,3.027977525748824523e-03,3.027977526042158456e-03,3.027977525961338557e-03,3.027977523109091039e-03,3.027977525748824523e-03,3.369222201129878219e-03,5.885332647337548212e-03,7.268351689937325305e-03
3.107232505953861409e-03,3.107230631021584699e-03,3.107230630988551227e-03,3.107230630760564327e-03,3.107230636477487356e-03,3.107230631021584699e-03,3.457406903151078771e-03,6.039373173411333694e-03,7.458590923151198031e-03
3.188560096992481326e-03,3.188558070825953800e-03,3.188558071021451498e-03,3.188558070952872674e-03,3.188558068514745717e-03,3.188558070825953800e-03,3.547899710582838421e-03,6.197445496568235526e-03,7.653809409653866518e-03
3.272016327278879765e-03,3.272014137821111467e-03,3.272014137852746751e-03,3.272014137797234299e-03,3.272014138248702589e-03,3.272014137821111467e-03,3.640761034571100060e-03,6.359655142668802635e-03,7.854137475871734997e-03
3.357656911054548738e-03,3.357654545205762328e-03,3.357654545236374560e-03,3.357654545867248385e-03,3.357654544884169315e-03,3.357654545205762328e-03,3.736052866934060687e-03,6.526110399654736285e-03,8.059708856039272951e-03
3.445539020805590390e-03,3.445536464152916534e-03,3.445536464273651553e-03,3.445536464217569678e-03,3.445536463631861113e-03,3.445536464152916534e-03,3.833838822133921274e-03,6.696922390761077259e-03,8.270660788647878764e-03
3.535721325430285066e-03,3.535718562863720670e-03,3.535718562747061384e-03,3.535718563124091822e-03,3.535718561975046553e-03,3.535718562863720670e-03,3.934184179215619200e-03,6.872205146613180951e-03,8.487134101717169754e-03
3.628264029405650626e-03,3.628261044193777790e-03,3.628261044164854746e-03,3.628261044288980715e-03,3.628261043995638542e-03,3.628261044193777790e-03,4.037155926344256247e-03,7.052075683597096994e-03,8.709273308576551478e-03
3.723228912979129664e-03,3.723225687143426939e-03,3.723225686964532280e-03,3.723225687178823972e-03,3.723225686189813449e-03,3.723225687143426939e-03,4.142822804513195643e-03,7.236654079175441727e-03,8.937226708714409579e-03
3.820679373412240801e-03,3.820675887625783144e-03,3.820675887393346678e-03,3.820675887626137895e-03,3.820675887328151867e-03,3.820675887625783144e-03,4.251255353827708243e-03,7.426063554924368718e-03,9.171146479165876927e-03
3.920680467303724534e-03,3.920676700950948002e-03,3.920676700568706888e-03,3.920676701404425535e-03,3.920676700272041418e-03,3.920676700950948002e-03,4.362525961284524981e-03,7.620430557166207354e-03,9.411188780825889208e-03
4.023298954020443179e-03,4.023294884101805829e-03,4.023294883936267240e-03,4.023294883715809039e-03,4.023294883757044284e-03,4.023294884101805829e-03,4.476708907021187574e-03,7.819884841313852822e-03,9.657513863759759412e-03
4.128603340265024277e-03,4.128598941682687373e-03,4.128598942328112927e-03,4.128598941898328246e-03,4.128598938886958447e-03,4.128598941682687373e-03,4.593880416323375786e-03,8.024559559614312040e-03,9.910286172461977780e-03
4.236663925809998864e-03,4.236659173238916526e-03,4.236659173045263273e-03,4.236659172906255544e-03,4.236659173659227881e-03,4.236659173238916526e-03,4.714118709438976963e-03,8.234591349112559480e-03,1.016967445215262271e-02
4.347552850428975692e-03,4.347547714539019316e-03,4.347547714621207045e-03,4.347547714519677149e-03,4.347547714218923803e-03,4.347547714539019316e-03,4.837504053431776647e-03,8.450120422080473204e-03,1.043585186755734487e-02
4.461344142056163607e-03,4.461338592254423911e-03,4.461338592328209507e-03,4.461338592528921350e-03,4.461338591770805558e-03,4.461338592254423911e-03,4.964118816250757092e-03,8.671290662050107345e-03,1.070899611401471795e-02
4.578113766206418599e-03,4.578107768768991705e-03,4.578107768744838282e-03,4.578107769133640120e-03,4.578107770298369024e-03,4.578107768768991705e-03,5.094047521099301715e-03,8.898249717905591313e-03,1.098928954106212670e-02
4.697939676688780465e-03,4.697933196438757245e-03,4.697933196060690743e-03,4.697933196534273721e-03,4.697933191241379994e-03,4.697933196438757245e-03,5.227376904328261305e-03,9.131149102463076081e-03,1.127691926675312636e-02
4.820901867647375653e-03,4.820894865008958606e-03,4.820894864842513623e-03,4.820894865027785560e-03,4.820894865160092052e-03,4.820894865008958606e-03,5.364195971288019185e-03,9.370144294237948632e-03,1.157207731029515768e-02
4.947082426964415428e-03,4.947074859909149185e-03,4.947074859740627738e-03,4.947074859427648928e-03,4.947074860253438885e-03,4.947074859909149185e-03,5.504596057325827733e-03,9.615394842546214418e-03,1.187496071480453712e-02
5.076565591060948346e-03,5.076557414013787434e-03,5.076557414220524839e-03,5.076557414015243734e-03,5.076557413316433801e-03,5.076557414013787434e-03,5.648670888059090407e-03,9.867064469891013295e-03,1.218577168093545361e-02
5.209437801131946294e-03,5.209428965587150490e-03,5.209428965263105012e-03,5.209428965290443386e-03,5.209428964609667638e-03,5.209428965587150490e-03,5.796516641801511931e-03,1.012532118592789944e-02,1.250471770102450780e-02
5.345787760853266957e-03,5.345778212844463223e-03,5.345778212844732105e-03,5.345778212846856274e-03,5.345778212828673770e-03,5.345778212844463223e-03,5.948232014312759657e-03,1.039033739662116249e-02,1.283201170012817499e-02
5.485706495599018337e-03,5.485696178048859485e-03,5.485696177882635680e-03,5.485696177560788096e-03,5.485696176186138570e-03,5.485696178048859485e-03,6.103918283950901698e-03,1.066229002108967129e-02,1.316787217484230790e-02
5.629287413208858802e-03,5.629276264414758216e-03,5.629276264144451869e-03,5.629276264417210247e-03,5.629276264103405709e-03,5.629276264414758216e-03,6.263679380041155091e-03,1.094136060809081622e-02,1.351252334025161185e-02
5.776626366345795696e-03,5.776614318738384005e-03,5.776614318770012350e-03,5.776614318906286155e-03,5.776614318446337236e-03,5.776614318738384005e-03,6.427621951135332502e-03,1.122773545909327986e-02,1.386619528182872312e-02
5.927821716486115881e-03,5.927808697927581735e-03,5.927808697965034415e-03,5.927808697748429036e-03,5.927808698018793496e-03,5.927808697927581735e-03,6.595855437680095586e-03,1.152160574988674198e-02,1.422912410577873051e-02
6.082974399584170980e-03,6.082960331631045645e-03,6.082960331796758574e-03,6.082960332227832154e-03,6.082960331646493357e-03,6.082960331631045645e-03,6.768492143748761243e-03,1.182316766154654225e-02,1.460155209739780018e-02
6.242187993455836428e-03,6.242172792015707183e-03,6.242172791929390813e-03,6.242172791972776247e-03,6.242172789906207976e-03,6.242172792015707183e-03,6.945647312265670892e-03,1.213262250817956009e-02,1.498372788739985896e-02
6.405568786925656954e-03,6.405552360303109517e-03,6.405552360164850322e-03,6.405552360313420714e-03,6.405552360275383432e-03,6.405552360303109517e-03,7.127439202630431701e-03,1.245017687444510690e-02,1.537590660776685068e-02
6.573225850783811705e-03,6.573208100233652630e-03,6.573208100455831676e-03,6.573208100730941472e-03,6.573208100496805845e-03,6.573208100233652630e-03,7.313989168560587270e-03,1.277604275050119378e-02,1.577835007239929838e-02
6.745271110600287341e-03,6.745251929341953938e-03,6.745251929342479559e-03,6.745251929518394397e-03,6.745251929450073181e-03,6.745251929341953938e-03,7.505421739652662003e-03,1.311043767526990159e-02,1.619132694870471789e-02
6.921819421444865179e-03,6.921798694456779248e-03,6.921798694553616717e-03,6.921798694448349359e-03,6.921798694920089194e-03,6.921798694456779248e-03,7.701864705037129478e-03,1.345358488123231909e-02,1.661511293184184460e-02
7.102988644562797417e-03,7.102966247078243769e-03,7.102966247078916842e-03,7.102966247086090791e-03,7.102966246916045390e-03,7.102966247078243769e-03,7.903449196735228693e-03,1.380571344321660995e-02,1.704999093698679469e-02
7.288899726057367599e-03,7.288875523498646557e-03,7.288875523518163931e-03,7.288875523282599758e-03,7.288875523382026302e-03,7.288875523498646557e-03,8.110309779368060981e-03,1.416705843158583798e-02,1.749625128328040000e-02
7.479676777631861020e-03,7.479650624494971374e-03,7.479650624495846542e-03,7.479650624416072681e-03,7.479650626649756405e-03,7.479650624494971374e-03,8.322584538607851953e-03,1.453786106871431463e-02,1.795419188638440119e-02
7.675447159444847255e-03,7.675418898536908764e-03,7.675418898519625714e-03,7.675418898659088808e-03,7.675418901270983016e-03,7.675418898536908764e-03,8.540415173724025602e-03,1.491836889077565072e-02,1.842411846211938417e-02
7.876341565134080402e-03,7.876311026592117820e-03,7.876311026561845161e-03,7.876311026594589801e-03,7.876311024586361148e-03,7.876311026592117820e-03,8.763947091837233361e-03,1.530883591187395983e-02,1.890634472653959092e-02
8.082494109065797155e-03,8.082461109329100446e-03,8.082461109336989968e-03,8.082461109382287068e-03,8.082461108246794326e-03,8.082461109329100446e-03,8.993329505186638609e-03,1.570952279420156916e-02,1.940119260755913261e-02
8.294042415867629997e-03,8.294006756542886966e-03,8.294006756544345868e-03,8.294006756559921950e-03,8.294006756786258261e-03,8.294006756542886966e-03,9.228715530474685194e-03,1.612069702242734798e-02,1.990899245826028424e-02
8.511127712304944470e-03,8.511089179103483240e-03,8.511089179244455544e-03,8.511089179366531504e-03,8.511089177710593964e-03,8.511089179103483240e-03,9.470262291212540318e-03,1.654263308114851949e-02,2.043008327937840055e-02
8.733894921561888292e-03,8.733853282816717717e-03,8.733853282825733075e-03,8.733853282894200876e-03,8.733853281761318893e-03,8.733853282816717717e-03,9.718131022150945653e-03,1.697561263898168804e-02,2.096481294359248126e-02
8.962492759990144456e-03,8.962447765455084855e-03,8.962447765457235913e-03,8.962447765381067674e-03,8.962447767975495819e-03,8.962447765455084855e-03,9.972487177076591602e-03,1.741992473634230640e-02,2.151353842755918469e-02
9.197073836389933060e-03,9.197025215616865673e-03,9.197025215593871914e-03,9.197025216014568377e-03,9.197025214875564555e-03,9.197025215616865673e-03,1.023350053928151135e-02,1.787586597766493285e-02,2.207662605480995369e-02
9.437794753889571647e-03,9.437742214600673002e-03,9.437742214618060135e-03,9.437742214710111502e-03,9.437742213071191599e-03,9.437742214600673002e-03,1.050134533424051074e-02,1.834374073032418034e-02,2.265445173400437023e-02
9.684816214491581352e-03,9.684759440928893473e-03,9.684759440935931246e-03,9.684759440625653401e-03,9.684759441018694903e-03,9.684759440928893473e-03,1.077620034639597234e-02,1.882386132712999399e-02,2.324740121324931838e-02
9.938303126355158001e-03,9.938241777237939376e-03,9.938241777215986450e-03,9.938241777307833119e-03,9.938241780847801785e-03,9.938241777237939376e-03,1.105824903791713908e-02,1.931654827498228977e-02,2.385587033799473761e-02
1.019842471388661062e-02,1.019835842038330914e-02,1.019835842047013899e-02,1.019835842060536416e-02,1.019835842133617540e-02,1.019835842038330914e-02,1.134767967121329442e-02,1.982213046871653811e-02,2.448026531400521871e-02
1.046535463071126583e-02,1.046528299452022595e-02,1.046528299448595475e-02,1.046528299444739012e-02,1.046528299754152444e-02,1.046528299452022595e-02,1.164468543462915569e-02,2.034094541055781261e-02,2.512100297614282968e-02
1.073927107560225871e-02,1.073919366603186265e-02,1.073919366603955962e-02,1.073919366600938584e-02,1.073919366506140109e-02,1.073919366603186265e-02,1.194946457059601133e-02,2.087333943497180627e-02,2.577851107533638692e-02
1.102035691144361181e-02,1.102027326322195175e-02,1.102027326323121344e-02,1.102027326327642033e-02,1.102027326429384259e-02,1.102027326322195175e-02,1.226222050848710735e-02,2.141966794075500849e-02,2.645322855193228684e-02
1.130879978730699349e-02,1.130870939764100878e-02,1.130870939763619666e-02,1.130870939782582449e-02,1.130870939726324499e-02,1.130870939764100878e-02,1.258316199969885391e-02,2.198029562706332180e-02,2.714560583904089899e-02
1.160479226372368965e-02,1.160469458932608319e-02,1.160469458933589826e-02,1.160469458951551500e-02,1.160469458959407889e-02,1.160469458932608319e-02,1.291250325728712442e-02,2.255559673722409841e-02,2.785610515746991464e-02
1.190853194123537781e-02,1.190842639500301094e-02,1.190842639500051814e-02,1.190842639509553068e-02,1.190842639549429330e-02,1.190842639500301094e-02,1.325046409790712164e-02,2.314595530847945309e-02,2.858520082685975933e-02
1.222022159230956584e-02,1.222010753985644169e-02,1.222010753986658982e-02,1.222010754007923569e-02,1.222010753998631696e-02,1.222010753985644169e-02,1.359727008913184411e-02,2.375176542825515116e-02,2.933337958111576632e-02
1.254006929670772007e-02,1.253994605249182485e-02,1.253994605243253027e-02,1.253994605305136512e-02,1.253994605187254072e-02,1.253994605249182485e-02,1.395315269905795554e-02,2.437343149669306958e-02,3.010114089310869309e-02
1.286828858039647944e-02,1.286815540363566747e-02,1.286815540371782050e-02,1.286815540396224304e-02,1.286815540493356502e-02,1.286815540363566747e-02,1.431834945103031310e-02,2.501136849694991782e-02,3.088899730976056579e-02
1.320509855809467482e-02,1.320495464830743343e-02,1.320495464832237634e-02,1.320495464868347464e-02,1.320495464893683621e-02,1.320495464830743343e-02,1.469310408181893381e-02,2.566600227182478516e-02,3.169747479424666475e-02
1.355072407955133784e-02,1.355056857177221186e-02,1.355056857186320157e-02,1.355056857211003191e-02,1.355056857224569249e-02,1.355056857177221186e-02,1.507766670322674765e-02,2.633776980730975770e-02,3.252711307184576878e-02
1.390539587965231721e-02,1.390522783921335770e-02,1.390522783928387421e-02,1.390522783958594161e-02,1.390522783998289144e-02,1.390522783921335770e-02,1.547229396950642981e-02,2.702711952529245759e-02,3.337846599855109203e-02
1.426935073245574892e-02,1.426916914931628498e-02,1.426916914936729973e-02,1.426916914982198463e-02,1.426916914938306663e-02,1.426916914931628498e-02,1.587724924788152733e-02,2.773451158150835177e-02,3.425210192535681902e-02
1.464283160925918675e-02,1.464263539196830263e-02,1.464263539205401532e-02,1.464263539260362429e-02,1.464263539296435310e-02,1.464263539196830263e-02,1.629280279380562052e-02,2.846041817316281169e-02,3.514860407874826481e-02
1.502608784080393216e-02,1.502587581008290978e-02,1.502587581013493760e-02,1.502587581072255263e-02,1.502587581166944276e-02,1.502587581008290978e-02,1.671923193125283286e-02,2.920532385331022288e-02,3.606857095052844880e-02
1.541937528372482914e-02,1.541914616511585144e-02,1.541914616514826648e-02,1.541914616607022691e-02,1.541914616720428677e-02,1.541914616511585144e-02,1.715682123672727585e-02,2.996972585464456953e-02,3.701261669695457557e-02
1.582295649135667323e-02,1.582270890776025368e-02,1.582270890783136347e-02,1.582270890860997675e-02,1.582270890926101847e-02,1.582270890776025368e-02,1.760586272901180568e-02,3.075413442064930253e-02,3.798137154973451474e-02
1.623710088901123352e-02,1.623683335237732436e-02,1.623683335251506835e-02,1.623683335332824773e-02,1.623683335397343996e-02,1.623683335237732436e-02,1.806665606353992370e-02,3.155907314600964880e-02,3.897548223542279117e-02
1.666208495384192273e-02,1.666179585611714947e-02,1.666179585618736761e-02,1.666179585721004955e-02,1.666179585800209653e-02,1.666179585611714947e-02,1.853950873100736890e-02,3.238507932585038551e-02,3.999561240696403175e-02
1.709819239941616845e-02,1.709788000301914676e-02,1.709788000310567824e-02,1.709788000446469530e-02,1.709788000470988806e-02,1.709788000301914676e-02,1.902473626311824637e-02,3.323270431385805940e-02,4.104244308885349884e-02
1.754571436511872737e-02,1.754537679247218651e-02,1.754537679256632995e-02,1.754537679390248683e-02,1.754537679492397528e-02,1.754537679247218651e-02,1.952266244127939115e-02,3.410251389001444505e-02,4.211667312957144416e-02
1.800494961051236908e-02,1.800458483266019136e-02,1.800458483279921557e-02,1.800458483431431611e-02,1.800458483529555204e-02,1.800458483266019136e-02,2.003361951236714775e-02,3.499508863752415905e-02,4.321901966936588652e-02
1.847620471478567811e-02,1.847581053938882750e-02,1.847581053946891622e-02,1.847581054106825493e-02,1.847581054260774569e-02,1.847581053938882750e-02,2.055794840946265772e-02,3.591102433052258125e-02,4.435021861763231016e-02
1.895979428142116271e-02,1.895936833925151999e-02,1.895936833943701744e-02,1.895936834138036917e-02,1.895936834281350750e-02,1.895936833925151999e-02,2.109599897829944268e-02,3.685093233033916865e-02,4.551102514659673137e-02
1.945604114822022113e-02,1.945558087936279448e-02,1.945558087960908358e-02,1.945558088175378120e-02,1.945558088367623992e-02,1.945558087936279448e-02,2.164813021001807045e-02,3.781543999370297338e-02,4.670221419232517546e-02
1.996527660282527636e-02,1.996477924099894843e-02,1.996477924127264963e-02,1.996477924371386700e-02,1.996477924611681984e-02,1.996477924099894843e-02,2.221471047908691807e-02,3.880519109040246606e-02,4.792458097558113111e-02
2.048784060388288142e-02,2.048730315982727479e-02,2.048730316009912678e-02,2.048730316295677145e-02,2.048730316523382153e-02,2.048730315982727479e-02,2.279611778850818699e-02,3.982084623284539576e-02,4.917894152935555624e-02
2.102408200799548571e-02,2.102350125160405009e-02,2.102350125196015412e-02,2.102350125506833450e-02,2.102350125759853972e-02,2.102350125160405009e-02,2.339274001998089408e-02,4.086308331582346604e-02,5.046613324478898405e-02
2.157435880261333178e-02,2.157373124362944872e-02,2.157373124401532755e-02,2.157373124766038056e-02,2.157373125074735568e-02,2.157373124362944872e-02,2.400497519210182534e-02,4.193259796843381432e-02,5.178701543251774259e-02
2.213903834502200726e-02,2.213836021177650187e-02,2.213836021217529051e-02,2.213836021650158678e-02,2.213836021947372668e-02,2.213836021177650187e-02,2.463323172375608133e-02,4.303010401730870266e-02,5.314246989209248789e-02
2.271849760758515996e-02,2.271776482454252941e-02,2.271776482499769656e-02,2.271776482980234282e-02,2.271776483530104848e-02,2.271776482454252941e-02,2.527792870535552905e-02,4.415633396251013310e-02,5.453340150416843141e-02
2.331312342940609905e-02,2.331233159267657312e-02,2.331233159313272907e-02,2.331233159869334354e-02,2.331233160283195660e-02,2.331233159267657312e-02,2.593949617648931560e-02,4.531203946524610393e-02,5.596073883240335750e-02
2.392331277457632188e-02,2.392245712522765230e-02,2.392245712583464592e-02,2.392245713206178626e-02,2.392245713691839443e-02,2.392245712522765230e-02,2.661837541103361654e-02,4.649799184829415261e-02,5.742543474487740024e-02
2.454947299718330742e-02,2.454854839305942865e-02,2.454854839372129852e-02,2.454854840081504425e-02,2.454854840618311135e-02,2.454854839305942865e-02,2.731501920919431753e-02,4.771498261022061316e-02,5.892846704937623747e-02
2.519202211325460503e-02,2.519102299774357220e-02,2.519102299849122761e-02,2.519102300654883428e-02,2.519102301283820955e-02,2.519102299774357220e-02,2.802989219772281104e-02,4.896382395186917730e-02,6.047083914553860740e-02
2.585138907981950410e-02,2.585030944858123306e-02,2.585030944945912804e-02,2.585030945861135562e-02,2.585030946588103354e-02,2.585030944858123306e-02,2.876347113707143632e-02,5.024534931739734617e-02,6.205358069669963256e-02
2.652801408127506561e-02,2.652684744622412633e-02,2.652684744721023682e-02,2.652684745761488272e-02,2.652684746579843378e-02,2.652684744622412633e-02,2.951624523703548150e-02,5.156041394887556084e-02,6.367774831483198616e-02
2.722234882324713404e-02,2.722108817347376059e-02,2.722108817459490543e-02,2.722108818642742650e-02,2.722108819576303171e-02,2.722108817347376059e-02,3.028871648004812650e-02,5.290989545577958614e-02,6.534442626758923955e-02
2.793485683414285298e-02,2.793349459389092918e-02,2.793349459513951374e-02,2.793349460866643638e-02,2.793349461925297844e-02,2.793349459389092918e-02,3.108139995314506895e-02,5.429469439868170322e-02,6.705472720168792478e-02
2.866601377459592967e-02,2.866454175768370569e-02,2.866454175914709412e-02,2.866454177451263630e-02,2.866454178626939853e-02,2.866454175768370569e-02,3.189482418789758855e-02,5.571573488869441954e-02,6.880979288449365350e-02
2.941630775501118469e-02,2.941471711578373324e-02,2.941471711738775571e-02,2.941471713487612757e-02,2.941471714855952227e-02,2.941471711578373324e-02,3.272953150983062137e-02,5.717396520214976241e-02,7.061079496933983513e-02
3.018623966142039775e-02,3.018452084142791980e-02,3.018452084327754095e-02,3.018452086305278489e-02,3.018452087843880721e-02,3.018452084142791980e-02,3.358607839559599184e-02,5.867035841125141371e-02,7.245893577294830468e-02
3.097632348986700465e-02,3.097446616063000147e-02,3.097446616274497286e-02,3.097446618538735388e-02,3.097446620311366389e-02,3.097446616063000147e-02,3.446503584045130381e-02,6.020591303118716375e-02,7.435544908317492929e-02
3.178708668954283861e-02,3.178507969042230347e-02,3.178507969284449092e-02,3.178507971857856551e-02,3.178507973806595638e-02,3.178507969042230347e-02,3.536698973415985936e-02,6.178165368397004614e-02,7.630160097885661796e-02
3.261907051490601367e-02,3.261690178614147506e-02,3.261690178888930480e-02,3.261690181817178402e-02,3.261690184105905249e-02,3.261690178614147506e-02,3.629254124695455164e-02,6.339863177951171602e-02,7.829869067634977198e-02
3.347283038701504010e-02,3.347048689728428922e-02,3.347048690039203245e-02,3.347048693371863087e-02,3.347048695867773510e-02,3.347048689728428922e-02,3.724230722499188850e-02,6.505792621436304324e-02,8.034805139691081344e-02
3.434893626432033997e-02,3.434640393242300443e-02,3.434640393598480806e-02,3.434640397390582162e-02,3.434640400362563156e-02,3.434640393242300443e-02,3.821692059598259805e-02,6.676064408822290908e-02,8.245105125668306112e-02
3.524797302316073216e-02,3.524523663361920495e-02,3.524523663763645676e-02,3.524523668077707977e-02,3.524523671436377570e-02,3.524523663361920495e-02,3.921703078496793782e-02,6.850792143978808035e-02,8.460909417953539624e-02
3.617054084821891280e-02,3.616758395970173789e-02,3.616758396432598333e-02,3.616758401339158907e-02,3.616758405231269846e-02,3.616758395970173789e-02,4.024330414054345939e-02,7.030092400082132986e-02,8.682362083479859549e-02
3.711725563319655946e-02,3.711406048006320180e-02,3.711406048529457269e-02,3.711406054108119801e-02,3.711406058479890108e-02,3.711406048006320180e-02,4.129642437184297132e-02,7.214084796976931446e-02,8.909610959828551113e-02
3.808874939197656045e-02,3.808529677742353292e-02,3.808529678338636731e-02,3.808529684697901235e-02,3.808529689601459350e-02,3.808529677742353292e-02,4.237709299651595818e-02,7.402892080611420123e-02,9.142807754015139232e-02
3.908567068054689952e-02,3.908193986150468313e-02,3.908193986825841959e-02,3.908193994055964016e-02,3.908193999699752230e-02,3.908193986150468313e-02,4.348602979997157059e-02,7.596640204431341636e-02,9.382108143659192989e-02
4.010868502996774165e-02,4.010465359239200056e-02,4.010465360010706526e-02,4.010465368246457496e-02,4.010465374671144667e-02,4.010465359239200056e-02,4.462397330560710640e-02,7.795458412939738901e-02,9.627671880939310534e-02
4.115847539067095384e-02,4.115411911525761884e-02,4.115411912401290701e-02,4.115411921768522691e-02,4.115411929013004094e-02,4.115411911525761884e-02,4.579168125749104312e-02,7.999479327348998914e-02,9.879662899294568146e-02
4.223574258838844186e-02,4.223103530507801157e-02,4.223103531506184477e-02,4.223103542161404933e-02,4.223103550481913104e-02,4.223103530507801157e-02,4.698993111450215643e-02,8.208839033511827754e-02,1.013824942275510788e-01
4.334120579201388573e-02,4.333611922295531327e-02,4.333611923432553747e-02,4.333611935551252847e-02,4.333611945020150041e-02,4.333611922295531327e-02,4.821952055686121869e-02,8.423677172049504058e-02,1.040360407827530392e-01
4.447560299371010328e-02,4.447010658361724017e-02,4.447010659651429859e-02,4.447010673446936957e-02,4.447010684239192935e-02,4.447010658361724017e-02,4.948126800490089405e-02,8.644137030829660007e-02,1.067590401102819220e-01
4.563969150158251470e-02,4.563375223428751265e-02,4.563375224898765653e-02,4.563375240589229859e-02,4.563375252842790525e-02,4.563375223428751265e-02,5.077601315128549286e-02,8.870365639806845892e-02,1.095533100249681674e-01
4.683424844524773645e-02,4.682783064575041926e-02,4.682783066250478105e-02,4.682783084106600935e-02,4.682783098083054263e-02,4.682783064575041926e-02,5.210461750539869402e-02,9.102513868305349420e-02,1.124207159203049894e-01
4.806007129463472916e-02,4.805313641503598798e-02,4.805313643407144869e-02,4.805313663720185008e-02,4.805313679608243932e-02,4.805313641503598798e-02,5.346796495151780182e-02,9.340736524782770889e-02,1.153631720117619525e-01
4.931797839236480574e-02,4.931048478059733842e-02,4.931048480229071468e-02,4.931048503345954875e-02,4.931048521408096935e-02,4.931048478059733842e-02,5.486696232059777578e-02,9.585192459155257583e-02,1.183826426154060973e-01
5.060880950006605566e-02,5.060071215020738034e-02,5.060071217486249162e-02,5.060071243790623813e-02,5.060071264354699255e-02,5.060071215020738034e-02,5.630253997559371559e-02,9.836044667734931968e-02,1.214811434588975586e-01
5.193342635898672011e-02,5.192467664121688808e-02,5.192467666923888253e-02,5.192467696856665343e-02,5.192467720259785757e-02,5.192467664121688808e-02,5.777565241114356043e-02,1.009346040084228152e-01,1.246607430271067796e-01
5.329271326528194075e-02,5.328325863435797588e-02,5.328325866628721291e-02,5.328325900683844596e-02,5.328325927263736356e-02,5.328325863435797588e-02,5.928727886754808080e-02,1.035761127317462865e-01,1.279235639426438143e-01
5.468757766035776957e-02,5.467736134062812364e-02,5.467736137692252169e-02,5.467736176437452272e-02,5.467736206712832392e-02,5.467736134062812364e-02,6.083842395939411535e-02,1.062867337696268705e-01,1.312717843828636044e-01
5.611895073666672146e-02,5.610791138157193714e-02,5.610791142288226035e-02,5.610791186375299611e-02,5.610791220839295851e-02,5.610791138157193714e-02,6.243011831908330117e-02,1.090682739802775192e-01,1.347076395333754728e-01
5.758778805935913653e-02,5.757585938393677827e-02,5.757585943097297959e-02,5.757585993254810824e-02,5.757586032493271916e-02,5.757585938393677827e-02,6.406341925567259066e-02,1.119225873475838406e-01,1.382334230806367692e-01
5.909507020420543683e-02,5.908218058772415904e-02,5.908218064123491042e-02,5.908218121191734229e-02,5.908218165767079033e-02,5.908218058772415904e-02,6.573941142901279511e-02,1.148515762013296582e-01,1.418514887423868998e-01
6.064180341221517972e-02,6.062787546906118347e-02,6.062787552989690187e-02,6.062787617920033928e-02,6.062787668652080270e-02,6.062787546906118347e-02,6.745920753970183203e-02,1.178571924678279287e-01,1.455642518385690254e-01
6.222902026138979470e-02,6.221397037747652264e-02,6.221397044673517007e-02,6.221397118548217808e-02,6.221397176263362278e-02,6.221397037747652264e-02,6.922394903511241981e-02,1.209414389526554390e-01,1.493741909042461680e-01
6.385778035605760294e-02,6.384151818799635447e-02,6.384151826679700104e-02,6.384151910730813395e-02,6.384151976387589245e-02,6.384151818799635447e-02,7.103480683133651941e-02,1.241063706552181373e-01,1.532838493431546989e-01
6.552917103425122403e-02,6.551159896831258711e-02,6.551159905795563010e-02,6.551160001427988600e-02,6.551160076134592003e-02,6.551159896831258711e-02,7.289298205203098568e-02,1.273540961166462204e-01,1.572958371251677590e-01
6.724430809359958905e-02,6.722532066121893191e-02,6.722532076321550976e-02,6.722532185124209525e-02,6.722532270139434940e-02,6.722532066121893191e-02,7.479970678362260483e-02,1.306867788014356990e-01,1.614128325291409594e-01
6.900433653621927677e-02,6.898381978268301740e-02,6.898381989875158882e-02,6.898382113657311465e-02,6.898382210349962573e-02,6.898381978268301740e-02,7.675624484762808009e-02,1.341066385134466188e-01,1.656375839297619945e-01
7.081043133310226112e-02,7.078826213554674507e-02,7.078826226758225260e-02,7.078826367587565116e-02,7.078826477598516853e-02,7.078826213554674507e-02,7.876389259022531508e-02,1.376159528476954275e-01,1.699729116319671773e-01
7.266379820851057159e-02,7.263984353915910186e-02,7.263984368938589120e-02,7.263984529164155268e-02,7.263984654336942681e-02,7.263984353915910186e-02,8.082397968887702899e-02,1.412170586777818371e-01,1.744217097536545913e-01
7.456567444490133645e-02,7.453979057534301789e-02,7.453979074624102197e-02,7.453979256906687056e-02,7.453979399296806196e-02,7.453979057534301789e-02,8.293786997691811325e-02,1.449123536805248247e-01,1.789869481565603826e-01
7.651732970891969576e-02,7.648936135048482743e-02,7.648936154489695272e-02,7.648936361871674916e-02,7.648936523848155755e-02,7.648936135048482743e-02,8.510696228555625353e-02,1.487042978983250940e-01,1.836716744291042591e-01
7.852006689901096237e-02,7.848984627427568750e-02,7.848984649548979009e-02,7.848984885479066975e-02,7.848985069778798007e-02,7.848984627427568750e-02,8.733269130399953784e-02,1.525954153398270952e-01,1.884790159194718595e-01
8.057522301521782837e-02,8.054256885526821230e-02,8.054256910692174365e-02,8.054257179102092268e-02,8.054257388785157623e-02,8.054256885526821230e-02,8.961652845744005891e-02,1.565882956202787057e-01,1.934121818235950974e-01
8.268417005174337475e-02,8.264888651292086330e-02,8.264888679921010561e-02,8.264888985275474498e-02,8.264889223804429419e-02,8.264888651292086330e-02,9.195998280332734476e-02,1.606855956418214437e-01,1.984744653260651637e-01
8.484831591287569919e-02,8.481019140688753066e-02,8.481019173258690091e-02,8.481019520640967202e-02,8.481019791995672574e-02,8.481019140688753066e-02,9.436460194590813588e-02,1.648900413148160493e-01,2.036692457983486082e-01
8.706910535288565900e-02,8.702791128334670667e-02,8.702791165385345695e-02,8.702791560572886720e-02,8.702791869262140045e-02,8.702791128334670667e-02,9.683197296894724415e-02,1.692044293211944772e-01,2.089999910537192196e-01
8.934802094052503307e-02,8.930351033822421514e-02,8.930351075972839392e-02,8.930351525539514945e-02,8.930351876697113778e-02,8.930351033822421514e-02,9.936372338686506878e-02,1.736316289202111951e-01,2.144702596614921630e-01
9.168658404876929569e-02,9.163849009805059842e-02,9.163849057756462413e-02,9.163849569176420184e-02,9.163849968645819410e-02,9.163849009805059842e-02,1.019615221143561623e-01,1.781745837978716551e-01,2.200837033217964978e-01
9.408635587046544624e-02,9.403439031759036615e-02,9.403439086307430195e-02,9.403439668082021197e-02,9.403440122505483945e-02,9.403439031759036615e-02,1.046270804541047372e-01,1.828363139608313037e-01,2.258440693019582723e-01
9.654893846056303297e-02,9.649278989497266090e-02,9.649279051549097819e-02,9.649279713349630250e-02,9.649280230258557023e-02,9.649278989497266090e-02,1.073621531028932236e-01,1.876199176751465469e-01,2.317552029375979372e-01
9.907597580562425843e-02,9.901530780393223707e-02,9.901530850979452236e-02,9.901531603801251580e-02,9.901532191811521222e-02,9.901530780393223707e-02,1.101685391757966231e-01,1.925285734512838798e-01,2.378210501978568481e-01
1.016691549213269291e-01,1.016036040430896015e-01,1.016036048460411817e-01,1.016036134094856491e-01,1.016036200981912940e-01,1.016036040430896015e-01,1.130480832483028858e-01,1.975655420759761249e-01,2.440456603187962092e-01
1.043302069786931630e-01,1.042593806023728725e-01,1.042593815157184245e-01,1.042593912565903530e-01,1.042593988647595310e-01,1.042593806023728725e-01,1.160026764161548457e-01,2.027341686914854169e-01,2.504331885047574868e-01
1.070609084597955729e-01,1.069843824459700277e-01,1.069843834848765995e-01,1.069843945648543404e-01,1.069844032189634780e-01,1.069843824459700277e-01,1.190342573727150299e-01,2.080378849235119676e-01,2.569878987011556815e-01
1.098630823437124066e-01,1.097803985121533765e-01,1.097803996938788856e-01,1.097804122967979690e-01,1.097804221401322139e-01,1.097803985121533765e-01,1.221448135032647125e-01,2.134802110583167156e-01,2.637141664391500218e-01
1.127385993235236333e-01,1.126492627292923626e-01,1.126492640734371303e-01,1.126492784083214793e-01,1.126492896042261271e-01,1.126492627292923626e-01,1.253363819961201830e-01,2.190647582696761964e-01,2.706164817546265478e-01
1.156893790551600104e-01,1.155928550478503153e-01,1.155928565766755900e-01,1.155928728812058853e-01,1.155928856152731443e-01,1.155928550478503153e-01,1.286110509698223103e-01,2.247952308966784385e-01,2.776994521842650609e-01
1.187173914389393348e-01,1.186131024878957774e-01,1.186131042267593305e-01,1.186131227711082620e-01,1.186131372542785500e-01,1.186131024878957774e-01,1.319709606159562010e-01,2.306754287729330943e-01,2.849678058387360990e-01
1.218246579346449476e-01,1.217119802018646890e-01,1.217119821795916018e-01,1.217120032709171906e-01,1.217120197430166112e-01,1.217119802018646890e-01,1.354183043568747691e-01,2.367092496078673780e-01,2.924263945571968226e-01
1.250132529110247748e-01,1.248915125518137575e-01,1.248915148011334603e-01,1.248915387887199469e-01,1.248915575224849583e-01,1.248915125518137575e-01,1.389553300176167017e-01,2.429006914208032830e-01,3.000801971437126459e-01
1.282853050306116127e-01,1.281537742005045000e-01,1.281537767586626020e-01,1.281538040394302747e-01,1.281538253446660724e-01,1.281537742005045000e-01,1.425843410109642884e-01,2.492538550284256194e-01,3.079343226882941820e-01
1.316429986707891575e-01,1.315008912158264487e-01,1.315008941251284147e-01,1.315009251503032883e-01,1.315009493793173334e-01,1.315008912158264487e-01,1.463076975348675535e-01,2.557729465861138807e-01,3.159940139747712817e-01
1.350885753820526280e-01,1.349350421874490336e-01,1.349350454960032974e-01,1.349350807784710782e-01,1.349351083317316957e-01,1.349350421874490336e-01,1.501278177810058123e-01,2.624622801837424024e-01,3.242646509776843655e-01
1.386243353844373860e-01,1.384584593550246268e-01,1.384584631175141967e-01,1.384585032401931814e-01,1.384585345725847516e-01,1.384584593550246268e-01,1.540471791532352919e-01,2.693262804963235668e-01,3.327517544504529634e-01
1.422526391031142534e-01,1.420734297466988705e-01,1.420734340252524375e-01,1.420734796506131770e-01,1.420735152793037304e-01,1.420734297466988705e-01,1.580683194943632852e-01,2.763694854899304554e-01,3.414609896072491324e-01
1.459759087441773739e-01,1.457822963268791960e-01,1.457823011921299816e-01,1.457823530730173178e-01,1.457823935855809272e-01,1.457822963268791960e-01,1.621938383200959011e-01,2.835965491830331198e-01,3.503981699010412232e-01
1.497966299116758881e-01,1.495874591518640273e-01,1.495874646840599509e-01,1.495875236759958149e-01,1.495875697404196181e-01,1.495874591518640273e-01,1.664263980579019642e-01,2.910122444637162076e-01,3.595692609003917628e-01
1.537173532669693365e-01,1.534913765319870227e-01,1.534913828223135879e-01,1.534914498973689312e-01,1.534915022721585753e-01,1.534913765319870227e-01,1.707687252893225760e-01,2.986214659626811319e-01,3.689803842671825485e-01
1.577406962315144046e-01,1.574965661986130472e-01,1.574965733506598908e-01,1.574966496132587379e-01,1.574967091603542979e-01,1.574965661986130472e-01,1.752236119932467362e-01,3.064292329820425542e-01,3.786378218382124294e-01
1.618693447342197389e-01,1.616056064741069609e-01,1.616056146055981912e-01,1.616057013105072493e-01,1.616057690093166965e-01,1.616056064741069609e-01,1.797939167880186762e-01,3.144406924799445502e-01,3.885480198140500163e-01
1.661060550045356243e-01,1.658211374431386997e-01,1.658211466877861084e-01,1.658212452603252673e-01,1.658213222230409400e-01,1.658211374431386997e-01,1.844825661698510366e-01,3.226611221106232552e-01,3.987175930558135573e-01
1.704536554124749526e-01,1.701458621228035539e-01,1.701458726325066340e-01,1.701459846917440510e-01,1.701460721814063715e-01,1.701458621228035539e-01,1.892925557444813389e-01,3.310959333195303000e-01,4.091533294952571231e-01
1.749150483567947501e-01,1.745825476295546907e-01,1.745825595768451532e-01,1.745826869616152743e-01,1.745827864135970076e-01,1.745825476295546907e-01,1.942269514493280835e-01,3.397506744930302025e-01,4.198621946592812626e-01
1.794932122025977572e-01,1.791340263401312027e-01,1.791340399209437328e-01,1.791341847195696557e-01,1.791342977630612510e-01,1.791340263401312027e-01,1.992888907624643380e-01,3.486310341618203967e-01,4.308513363127174922e-01
1.841912032696485513e-01,1.838031970438920859e-01,1.838032124807387480e-01,1.838033770646251008e-01,1.838035055495664261e-01,1.838031970438920859e-01,2.044815838950020115e-01,3.577428442572460066e-01,4.421280892220678105e-01
1.890121578727309015e-01,1.885930260834437489e-01,1.885930436289629530e-01,1.885932306906087375e-01,1.885933767174043652e-01,1.885930260834437489e-01,2.098083149627329447e-01,3.670920834192511473e-01,4.536999800433239027e-01
1.939592944154086562e-01,1.935065484802198366e-01,1.935065684212590176e-01,1.935067810174821712e-01,1.935069469705770484e-01,1.935065484802198366e-01,2.152724431328342791e-01,3.766848803546623548e-01,4.655747323374427871e-01
1.990359155385882650e-01,1.985468690416159754e-01,1.985468917038007708e-01,1.985471333045189801e-01,1.985473218908033188e-01,1.985468690416159754e-01,2.208774037408048341e-01,3.865275172440746365e-01,4.777602717162550694e-01
2.042454103253166509e-01,2.037171634456881875e-01,2.037171891986358785e-01,2.037174637422181356e-01,2.037176780329775783e-01,2.037171634456881875e-01,2.266267093727155624e-01,3.966264331953364142e-01,4.902647311227770199e-01
2.095912565632869484e-01,2.090206792992634344e-01,2.090207085624429528e-01,2.090210205183936909e-01,2.090212639992133636e-01,2.090206792992634344e-01,2.325239509070902710e-01,4.069882277415518557e-01,5.030964562485331637e-01
2.150770230665621507e-01,2.144607371651273409e-01,2.144607704145341243e-01,2.144611248543504267e-01,2.144614014801749236e-01,2.144607371651273409e-01,2.385727985107111426e-01,4.176196643807254527e-01,5.162640110925246217e-01
2.207063720580665911e-01,2.200407315532930952e-01,2.200407693289912203e-01,2.200411720064335275e-01,2.200414862634263169e-01,2.200407315532930952e-01,2.447770025817777584e-01,4.285276741542253798e-01,5.297761836645430433e-01
2.264830616144364872e-01,2.257641318713441703e-01,2.257641747859964187e-01,2.257646322277788165e-01,2.257649892044708839e-01,2.257641318713441703e-01,2.511403946336497883e-01,4.397193592605317392e-01,5.436419918369196358e-01
2.324109481748595218e-01,2.316344833281997750e-01,2.316345320767025928e-01,2.316350516851964358e-01,2.316354571521841710e-01,2.316344833281997750e-01,2.576668881117482601e-01,4.512019967004077259e-01,5.578706893487831442e-01
2.384939891155825886e-01,2.376554077855206892e-01,2.376554631558973063e-01,2.376560533250871021e-01,2.376565138252544063e-01,2.376554077855206892e-01,2.643604791357128669e-01,4.629830419490956195e-01,5.724717719661202020e-01
2.447362453918012770e-01,2.438306045502483810e-01,2.438306674360169457e-01,2.438313376826217460e-01,2.438318606331613125e-01,2.438306045502483810e-01,2.712252471583651015e-01,4.750701326505759048e-01,5.874549838022216086e-01
2.511418842486983771e-01,2.501638511018504651e-01,2.501639225158909796e-01,2.501646836274545316e-01,2.501652774350379693e-01,2.501638511018504651e-01,2.782653555323160166e-01,4.874710923282982722e-01,6.028303238024481647e-01
2.577151820034399576e-01,2.566590037468235441e-01,2.566590848371438915e-01,2.566599490392653116e-01,2.566606232299978863e-01,2.566590037468235441e-01,2.854850519746534587e-01,5.001939341062218158e-01,6.186080523971476675e-01
2.644605268999864478e-01,2.633199981931255151e-01,2.633200902605977722e-01,2.633210714056444246e-01,2.633218367718554442e-01,2.633199981931255151e-01,2.928886689193360149e-01,5.132468644331116270e-01,6.347986983277592588e-01
2.713824220386245045e-01,2.701508500364441789e-01,2.701509545548166913e-01,2.701520683349350471e-01,2.701529371005069180e-01,2.701508500364441789e-01,3.004806237463222840e-01,5.266382868024791497e-01,6.514130656497666427e-01
2.784854883821751836e-01,2.771556551498327026e-01,2.771557737883542094e-01,2.771570379755187163e-01,2.771580239827827752e-01,2.771556551498327026e-01,3.082654188758485181e-01,5.403768054593984793e-01,6.684622409175845492e-01
2.857744678408858929e-01,2.843385899679606865e-01,2.843387246168196381e-01,2.843401593336037925e-01,2.843412782529858851e-01,2.843385899679606865e-01,3.162476417154764241e-01,5.544712290847868541e-01,6.859576005555861888e-01
2.932542264380650354e-01,2.917039116565453560e-01,2.917040644555712881e-01,2.917056924799610318e-01,2.917069620475921110e-01,2.917039116565453560e-01,3.244319644469025876e-01,5.689305744464258074e-01,7.039108184203817231e-01
3.009297575585726525e-01,2.992559581573274174e-01,2.992561315283218115e-01,2.992579786371487582e-01,2.992594189204769717e-01,2.992559581573274174e-01,3.328231436388491282e-01,5.837640700050379383e-01,7.223338735588706871e-01
3.088061852823363318e-01,3.069991480984174403e-01,3.069993447814982068e-01,3.070014401367471835e-01,3.070030738348956678e-01,3.069991480984174403e-01,3.414260196714801743e-01,5.989811594625522595e-01,7.412390581671687295e-01
3.168887678051168777e-01,3.149379805595114434e-01,3.149382036540364083e-01,3.149405802373581587e-01,3.149424330180578546e-01,3.149379805595114434e-01,3.502455159573221177e-01,6.145915052379974375e-01,7.606389857557180889e-01
3.251829009488081401e-01,3.230770346810901139e-01,3.230772876916541692e-01,3.230799827927194334e-01,3.230820836710942556e-01,3.230770346810901139e-01,3.592866379427636092e-01,6.306049918554978984e-01,7.805465995251359423e-01
3.336941217636142931e-01,3.314209691064707308e-01,3.314212559945606262e-01,3.314243117595464527e-01,3.314266935232113576e-01,3.314209691064707308e-01,3.685544718737057135e-01,6.470317292267769860e-01,8.009751809590835991e-01
3.424281122245088627e-01,3.399745212451982246e-01,3.399748464871942821e-01,3.399783105343951450e-01,3.399810102206692330e-01,3.399745212451982246e-01,3.780541833081228487e-01,6.638820558091046431e-01,8.219383586382844609e-01
3.513907030244440288e-01,3.487425063462252228e-01,3.487428749984722298e-01,3.487468011086561348e-01,3.487498605392145845e-01,3.487425063462252228e-01,3.877910153579209873e-01,6.811665416175098908e-01,8.434501172828856586e-01
3.605878774668414000e-01,3.577298163690548205e-01,3.577302341407593844e-01,3.577346830308983927e-01,3.577381494111728788e-01,3.577298163690548205e-01,3.977702866417662242e-01,6.988959910681674659e-01,8.655248070273018346e-01
3.700257754599640680e-01,3.669414186411176781e-01,3.669418919760443765e-01,3.669469321655479677e-01,3.669508587551113532e-01,3.669414186411176781e-01,4.079973889302009882e-01,7.170814456273806314e-01,8.881771529343510663e-01
3.797106976158354241e-01,3.763823542896733154e-01,3.763828904575303169e-01,3.763885992373137701e-01,3.763930460998191063e-01,3.763823542896733154e-01,4.184777844640081845e-01,7.357341862382357212e-01,9.114222647542309375e-01
3.896491094564420443e-01,3.860577364368126263e-01,3.860583436353938191e-01,3.860648081509490681e-01,3.860698429917972518e-01,3.860577364368126263e-01,4.292170029265396369e-01,7.548657354941642472e-01,9.352756469343839196e-01
3.998476457300280673e-01,3.959727481463610754e-01,3.959734356156599522e-01,3.959807540763068401e-01,3.959864531775348362e-01,3.959727481463610754e-01,4.402206380506532013e-01,7.744878595257038700e-01,9.597532088867654076e-01
4.103131148403623696e-01,4.061326401122521967e-01,4.061334182617553079e-01,4.061417012893746570e-01,4.061481505522618884e-01,4.061326401122521967e-01,4.514943438409696475e-01,7.946125695635174457e-01,9.848712755183015588e-01
4.210525033919363391e-01,4.165427280785160558e-01,4.165436086290261741e-01,4.165529807607207813e-01,4.165602768661339494e-01,4.165427280785160558e-01,4.630438303925163979e-01,8.152521231370691845e-01,1.010646598031688326e+00
4.320729808541256545e-01,4.272083899820622865e-01,4.272093861236274104e-01,4.272199874837888656e-01,4.272282391834777426e-01,4.272083899820622865e-01,4.748748592873249796e-01,8.364190248646068415e-01,1.037096365002407872e+00
4.433819043474304111e-01,4.381350628107384959e-01,4.381361893781618444e-01,4.381481775368686882e-01,4.381575070876194133e-01,4.381350628107384959e-01,4.869932385513511819e-01,8.581260267856917201e-01,1.064238213739362671e+00
4.549868235549883733e-01,4.493282391706141521e-01,4.493295128383544834e-01,4.493430648740229794e-01,4.493536096287163439e-01,4.493282391706141521e-01,4.994048171553341353e-01,8.803861281830416274e-01,1.092090241935421924e+00
4.668954857626405053e-01,4.607934635584155503e-01,4.607949030566396709e-01,4.608102178421845108e-01,4.608221320126068554e-01,4.607934635584155503e-01,5.121154790446024174e-01,9.032125748352515249e-01,1.120671019615266939e+00
4.791158410309133142e-01,4.725363283371573631e-01,4.725379546909479478e-01,4.725552554239264569e-01,4.725687120305473443e-01,4.725363283371573631e-01,5.251311366849382711e-01,9.266188576365560481e-01,1.149999601387467374e+00
4.916560475023711296e-01,4.845624694158541801e-01,4.845643062095731923e-01,4.845838432078680147e-01,4.845990362333554846e-01,4.845624694158541801e-01,5.384577241139267834e-01,9.506187105136363336e-01,1.180095539008097605e+00
5.045244768478804875e-01,4.968775616371809978e-01,4.968796353061981086e-01,4.969016890919571439e-01,4.969188358555272633e-01,4.968775616371809978e-01,5.521011894902613237e-01,9.752261075630273002e-01,1.210978894263230687e+00
5.177297198554237090e-01,5.094873138806459423e-01,5.094896540326481205e-01,5.095145387280782812e-01,5.095338824986741511e-01,5.094873138806459423e-01,5.660674871370813266e-01,1.000455259325437440e+00,1.242670252177983548e+00
5.312805921651916341e-01,5.223974638929770320e-01,5.224001036612062610e-01,5.224281707206704928e-01,5.224499835877720599e-01,5.223974638929770320e-01,5.803625690796722081e-01,1.026320608105449894e+00,1.275190734559461747e+00
5.451861401547852815e-01,5.356137728621925831e-01,5.356167492929845286e-01,5.356483915963345943e-01,5.356729776169000257e-01,5.356137728621925831e-01,5.949923760828713659e-01,1.052836822236637104e+00,1.308562013881628738e+00
5.594556469784534025e-01,5.491420197571702522e-01,5.491453742341804167e-01,5.491810305666900982e-01,5.492087292080295446e-01,5.491420197571702522e-01,6.099628281994483592e-01,1.080018789182749739e+00,1.342806327519868059e+00
5.740986387644005928e-01,5.629879954605813142e-01,5.629917741681564891e-01,5.630319341120858523e-01,5.630631240094794432e-01,5.629879954605813142e-01,6.252798148474104645e-01,1.107881607355594822e+00,1.377946492343129492e+00
5.891248909742996531e-01,5.771574967298369607e-01,5.771617511578037707e-01,5.772069604203782234e-01,5.772420634681856288e-01,5.771574967298369607e-01,6.409491844419630269e-01,1.136440576519219148e+00,1.414005919671909250e+00
6.045444349292575792e-01,5.916563200280613444e-01,5.916611075202261594e-01,5.917119737215419395e-01,5.917514595161805779e-01,5.916563200280613444e-01,6.569767336166544291e-01,1.165711186638022312e+00,1.451008630610176597e+00
6.203675645065878097e-01,6.064902552754031229e-01,6.064956396238140313e-01,6.065528385665732714e-01,6.065972292175496605e-01,6.064902552754031229e-01,6.733681960781091602e-01,1.195709105013559537e+00,1.488979271759461431e+00
6.366048430118628199e-01,6.216650795799290030e-01,6.216711316667328235e-01,6.217354141072607421e-01,6.217852894319079171e-01,6.216650795799290030e-01,6.901292311498703480e-01,1.226450161540646899e+00,1.527943131323592496e+00
6.532671102308330591e-01,6.371865510170504621e-01,6.371933495054946661e-01,6.372655484420644001e-01,6.373215515559776945e-01,6.371865510170504621e-01,7.072654120732441152e-01,1.257950331898226137e+00,1.567926155612406891e+00
6.703654896659196893e-01,6.530604025368864640e-01,6.530680346124770885e-01,6.531490731028426477e-01,6.532119164156375835e-01,6.530604025368864640e-01,7.247822141464855816e-01,1.290225718473983818e+00,1.608954965952974936e+00
6.879113959621135921e-01,6.692923360901216201e-01,6.693008982525573414e-01,6.693917977668105701e-01,6.694622693887810616e-01,6.692923360901216201e-01,7.426850027987826897e-01,1.323292528804017820e+00,1.651056876016828046e+00
7.059165425272363459e-01,6.858880170746375349e-01,6.858976159803820138e-01,6.859995052889150680e-01,6.860784758486896395e-01,6.858880170746375349e-01,7.609790217114430488e-01,1.357167051289753790e+00,1.694259909571905309e+00
7.243929493516519935e-01,7.028530692175193328e-01,7.028638225720801325e-01,7.029779471598670559e-01,7.030663770281440073e-01,7.028530692175193328e-01,7.796693811162761500e-01,1.391865627933885463e+00,1.738592818667469952e+00
7.433529510326480905e-01,7.201930700197423096e-01,7.202051075178579342e-01,7.203328395069363843e-01,7.204317864136978722e-01,7.201930700197423096e-01,7.987610464196390758e-01,1.427404623815238027e+00,1.784085102260901223e+00
7.628092050088454146e-01,7.379135469037881867e-01,7.379270112144681315e-01,7.380698597649616444e-01,7.381804867895310762e-01,7.379135469037881867e-01,8.182588273203701412e-01,1.463800392999217159e+00,1.830767025294737893e+00
7.827747000101311636e-01,7.560199742174465998e-01,7.560350220096827556e-01,7.561946441567727328e-01,7.563182280608229391e-01,7.560199742174465998e-01,8.381673676103095216e-01,1.501069240555819917e+00,1.878669638232366212e+00
8.032627647287575723e-01,7.745177712599253805e-01,7.745345742633048536e-01,7.747127861325573406e-01,7.748507259953922865e-01,7.745177712599253805e-01,8.584911358674055526e-01,1.539227380331258832e+00,1.927824797060922357e+00
8.242870767173956503e-01,7.934123015087360953e-01,7.934310476016176450e-01,7.936298359284681414e-01,7.937836620317209047e-01,7.934123015087360953e-01,8.792344172729499308e-01,1.578290888092168220e+00,1.978265183769418512e+00
8.458616715200825142e-01,8.127088732373820568e-01,8.127297675534217447e-01,8.129513014140480331e-01,8.131226843094383483e-01,8.127088732373820568e-01,9.004013068061865743e-01,1.618275649633170943e+00,2.030024327310436583e+00
8.680009520421595459e-01,8.324127417243752936e-01,8.324360077662213975e-01,8.326826504066985324e-01,8.328734100867923873e-01,8.324127417243752936e-01,9.219957040907071910e-01,1.659197303409885471e+00,2.083136625053068069e+00
8.907196981654552648e-01,8.525291132627789148e-01,8.525549940096067703e-01,8.528293146384687828e-01,8.530414297132011825e-01,8.525291132627789148e-01,9.440213101873644597e-01,1.701071177230418119e+00,2.137637364734847001e+00
9.140330766151331110e-01,8.730631511864497263e-01,8.730919101796885684e-01,8.733966955657925801e-01,8.736323123321068085e-01,8.730631511864497263e-01,9.664816266471167872e-01,1.743912218509527046e+00,2.193562746919899720e+00
9.379566510847904270e-01,8.940199841331898378e-01,8.940519065224601380e-01,8.943901722157001632e-01,8.946516134895211581e-01,8.940199841331898378e-01,9.893799571537372772e-01,1.787734917562021186e+00,2.250949907970332564e+00
9.625063926265681191e-01,9.154047167663225126e-01,9.154401102951218450e-01,9.158151112629360213e-01,9.161048848244480736e-01,9.154047167663225126e-01,1.012719412099719607e+00,1.832553223386110153e+00,2.309836943537326270e+00
9.876986903132071172e-01,9.372224431736748684e-01,9.372616390819671350e-01,9.376768795295306047e-01,9.379976860157802632e-01,9.372224431736748684e-01,1.036502916448301281e+00,1.878380451364917159e+00,2.370262932577824611e+00
1.013550362179170161e+00,9.594782631563464337e-01,9.595216169748101986e-01,9.599808590927365604e-01,9.603355991523605528e-01,9.594782631563464337e-01,1.060733221239203328e+00,1.925229182296611219e+00,2.432267961902359499e+00
1.040078666448132072e+00,9.821773016083499286e-01,9.822251938168884422e-01,9.827324651774532738e-01,9.831242456867107515e-01,9.821773016083499286e-01,1.085412919094697726e+00,1.973111152152609238e+00,2.495893151258425924e+00
1.067301313054334511e+00,1.005324731171726382e+00,1.005377567692853358e+00,1.005937166995346299e+00,1.006369306118622298e+00,1.005324731171726382e+00,1.110544464074735505e+00,2.022037131961545775e+00,2.561180678953366208e+00
1.095236475465497294e+00,1.028925798329644925e+00,1.028984010825790829e+00,1.029600511674555241e+00,1.030076542539446471e+00,1.028925798329644925e+00,1.136130196214361954e+00,2.072016797227206997e+00,2.628173808019612867e+00
1.123902802815176516e+00,1.052985853071989775e+00,1.053049899014629753e+00,1.053728151400691759e+00,1.054251824147481642e+00,1.052985853071989775e+00,1.162172371052334618e+00,2.123058586315107465e+00,2.696916912923914555e+00
1.153319432352672980e+00,1.077510382233773711e+00,1.077580744711733374e+00,1.078325873862067574e+00,1.078901155820633617e+00,1.077510382233773711e+00,1.188673194426228985e+00,2.175169547289362182e+00,2.767455506821075772e+00
1.183506002218798203e+00,1.102505046566320202e+00,1.102582233800796008e+00,1.103399636058873368e+00,1.104030709804696420e+00,1.102505046566320202e+00,1.215634862765355706e+00,2.228355172754303393e+00,2.839836269351342146e+00
1.214482664556029823e+00,1.127975721554717037e+00,1.128060266089486285e+00,1.128955601498712324e+00,1.129646860540534092e+00,1.127975721554717037e+00,1.243059609058330572e+00,2.282619222360464217e+00,2.914107074978457224e+00
1.246270098961806738e+00,1.153928541942777386e+00,1.154020999480031895e+00,1.155000180758279260e+00,1.155756222622218665e+00,1.153928541942777386e+00,1.270949754606808701e+00,2.337963532779369746e+00,2.990317021864090208e+00
1.278889526293947032e+00,1.180369949869335633e+00,1.180470897724440027e+00,1.181540075344742702e+00,1.182365691832791166e+00,1.180369949869335633e+00,1.299307766600854341e+00,2.394387815144982223e+00,3.068516461271713069e+00
1.312362722837403073e+00,1.207306746457814661e+00,1.207416781610384016e+00,1.208582324740119507e+00,1.209482489165500052e+00,1.207306746457814661e+00,1.328136321465242631e+00,2.451889440211246995e+00,3.148757027490659333e+00
1.346712034841811789e+00,1.234746146635898434e+00,1.234865883359628214e+00,1.236134356459272166e+00,1.237114207690669376e+00,1.234746146635898434e+00,1.357438373830544220e+00,2.510463211796148730e+00,3.231091668268169403e+00
1.381960393439547463e+00,1.262695836894832890e+00,1.262825903954898576e+00,1.264204038897059679e+00,1.265268862083789081e+00,1.262695836894832890e+00,1.387217230879634222e+00,2.570101129484898106e+00,3.315574675734112908e+00
1.418131329954232411e+00,1.291164035630304685e+00,1.291305073044402452e+00,1.292799736684848044e+00,1.293954940579587820e+00,1.291164035630304685e+00,1.417476631711096280e+00,2.630792142060881744e+00,3.402261717799091922e+00
1.455248991609927156e+00,1.320159555640374904e+00,1.320312211007862002e+00,1.321930368221269525e+00,1.323181459072059196e+00,1.320159555640374904e+00,1.448220831248276941e+00,2.692521893735458249e+00,3.491209870002625060e+00
1.493338157651489473e+00,1.349691868292784314e+00,1.349856792705631303e+00,1.351605464988778538e+00,1.352958017031710147e+00,1.349691868292784314e+00,1.479454688109294702e+00,2.755272465968408024e+00,3.582477647783029351e+00
1.532424255886859266e+00,1.379771168816018356e+00,1.379949012375045081e+00,1.381835232217884402e+00,1.383294854868945878e+00,1.379771168816018356e+00,1.511183755742306234e+00,2.819022118519561637e+00,3.676125039135243355e+00
1.572533379662316655e+00,1.410408442117815797e+00,1.410599849088033819e+00,1.412630610415381183e+00,1.414202912330369877e+00,1.410408442117815797e+00,1.543414376025206591e+00,2.883745034354821435e+00,3.772213537616236678e+00
1.613692305282044659e+00,1.441615528493477960e+00,1.441821132142776296e+00,1.444003337234570861e+00,1.445693887480312911e+00,1.441615528493477960e+00,1.576153774433556087e+00,2.949411074146574663e+00,3.870806175650752134e+00
1.655928509883624278e+00,1.473405188556232925e+00,1.473625605731756938e+00,1.475966009134212387e+00,1.477780295789722143e+00,1.473405188556232925e+00,1.609410155798196351e+00,3.015985547350282125e+00,3.971967558081208605e+00
1.699270189781397100e+00,1.505791166704410156e+00,1.506026992210801163e+00,1.508532142251371333e+00,1.510475528830952152e+00,1.505791166704410156e+00,1.643192799608746535e+00,3.083429008185045284e+00,4.075763895896703737e+00
1.743746279289940526e+00,1.538788252437300219e+00,1.539040053289505883e+00,1.541716231901769874e+00,1.543793912064080676e+00,1.538788252437300219e+00,1.677512153773790038e+00,3.151697086258656633e+00,4.182263040064548854e+00
1.789386470040221555e+00,1.572412338843238500e+00,1.572680648474275245e+00,1.575533810121097167e+00,1.577750761192688200e+00,1.572412338843238500e+00,1.712379925726155161e+00,3.220740362999836126e+00,4.291534515375505343e+00
1.836221230801324378e+00,1.606680477611159619e+00,1.606965790120981730e+00,1.610001500672278540e+00,1.612362436572021718e+00,1.606680477611159619e+00,1.747809169764032999e+00,3.290504306410010571e+00,4.403649554199188465e+00
1.884281827820986077e+00,1.641610929959909981e+00,1.641913694495509057e+00,1.645137070967647608e+00,1.647646395165700772e+00,1.641610929959909981e+00,1.783814369547422674e+00,3.360929277815335681e+00,4.518681130029618132e+00
1.933600345698516243e+00,1.677223212937519969e+00,1.677543828296326867e+00,1.680959480390746608e+00,1.683621239570834316e+00,1.677223212937519969e+00,1.820411514724582513e+00,3.431950625148627143e+00,4.636703990681430021e+00
1.984209708804039352e+00,1.713538140614570882e+00,1.713876950162678492e+00,1.717488924550028884e+00,1.720306763664526617e+00,1.713538140614570882e+00,1.857618170744430142e+00,3.503498877655920829e+00,4.757794690975252649e+00
2.036143703258354254e+00,1.750577859779817835e+00,1.750935146773786810e+00,1.754746875055369193e+00,1.757723994469777562e+00,1.750577859779817835e+00,1.895453541016585586e+00,3.575500056617498146e+00,4.882031624724793240e+00
2.089436999488087920e+00,1.788365879840317474e+00,1.788741863236094742e+00,1.792756114475972051e+00,1.795895229886964151e+00,1.788365879840317474e+00,1.933938520708281761e+00,3.647876115503426941e+00,5.009495055808510067e+00
2.144125175371200065e+00,1.826927096730160960e+00,1.827321927555217496e+00,1.831540766214868166e+00,1.834844072002322024e+00,1.826927096730160960e+00,1.973095741613449361e+00,3.720545520763036240e+00,5.140267148074061154e+00
2.200244739988289400e+00,1.866287810738591846e+00,1.866701569093740298e+00,1.871126319117633052e+00,1.874595455745289518e+00,1.866287810738591846e+00,2.012949607689717979e+00,3.793423981025492608e+00,5.274431993783270656e+00
2.257833157995557727e+00,1.906475738276897758e+00,1.906908431022984240e+00,1.911539646719959018e+00,1.915175672743039792e+00,1.906475738276897758e+00,2.053526321029262469e+00,3.866425327780338428e+00,5.412075640258567688e+00
2.316928874635703295e+00,1.947520017711134477e+00,1.947971576882913558e+00,1.952809021128034228e+00,1.956612390292872705e+00,1.947520017711134477e+00,2.094853898204089848e+00,3.939462544630044860e+00,5.553286114336645873e+00
2.377571341403441618e+00,1.989451209491589267e+00,1.989921491467209425e+00,1.994964121614999586e+00,1.998934665451142401e+00,1.989451209491589267e+00,2.136962177100939719e+00,4.012448935113763326e+00,5.698153444170969806e+00
2.439801042382784058e+00,2.032301290907014391e+00,2.032790076346976171e+00,2.038036038103812508e+00,2.042172954315462530e+00,2.032301290907014391e+00,2.179882814529904955e+00,4.085299411204480258e+00,5.846769677848949520e+00
2.503659521273662758e+00,2.076103645879854298e+00,2.076610640434654709e+00,2.082057269789934661e+00,2.086359116650387424e+00,2.076103645879854298e+00,2.223649275049820240e+00,4.157931876360748014e+00,5.999228898200966498e+00
2.569189409125935075e+00,2.120893050295942661e+00,2.121417886067097136e+00,2.127061719233865666e+00,2.131526416082116793e+00,2.120893050295942661e+00,2.268296811598411900e+00,4.230268669099897849e+00,6.155627233073229121e+00
2.636434452799294004e+00,2.166705653426646005e+00,2.167247891152068284e+00,2.173084682322498296e+00,2.177709516152347202e+00,2.166705653426646005e+00,2.313862438642332098e+00,4.302238026187619191e+00,6.316062860212561247e+00
2.705439544168073862e+00,2.213578956052243196e+00,2.214138087974256042e+00,2.220162834557966036e+00,2.224944472584719168e+00,2.213578956052243196e+00,2.360384898669237508e+00,4.373775519473340090e+00,6.480636005763851237e+00
2.776250750090453856e+00,2.261551785931850578e+00,2.262127239294824399e+00,2.268334214181740194e+00,2.273268722169688782e+00,2.261551785931850578e+00,2.407904622928915384e+00,4.444825417835296832e+00,6.649448935205846567e+00
2.848915343162064850e+00,2.310664271287219407e+00,2.311255412402166254e+00,2.317638202680120330e+00,2.322721068719379112e+00,2.310664271287219407e+00,2.456463687392402839e+00,4.515341926148084717e+00,6.822605935341925942e+00
2.923481833274528263e+00,2.360957812975480685e+00,2.361563951781259885e+00,2.368115503243662268e+00,2.373341666580085274e+00,2.360957812975480685e+00,2.506105764936618741e+00,4.585290256887152083e+00,7.000213285712472810e+00
3.000000000000000000e+00,2.412475056020508379e+00,2.413095451065351948e+00,2.419808117768448952e+00,2.425172002215619127e+00,2.412475056020508379e+00,2.556876074778206220e+00,4.654647496836106235e+00,7.182379217495152623e+00
