t,H32_nelson16,H16_nelson16
0,0.5644933645073649,0.48661580599655974
0.01,0.3995565366810873,0.36248110851111726
0.020000000000000004,0.332587112574059,0.3006009848590337
0.030000000000000013,0.2884299417619114,0.2616756028503383
0.04000000000000002,0.25974499510338417,0.23555561878110123
0.05000000000000003,0.23242026385038644,0.21017117374458483
0.06000000000000004,0.21370875350306015,0.18974111734160598
0.07000000000000005,0.1963797992499225,0.17378585633658028
0.08000000000000006,0.1785974003676694,0.15948382019688892
0.09000000000000007,0.16579644508282412,0.1469566588078805
0.10000000000000007,0.15523270204322287,0.13277887825635967
0.11000000000000008,0.14399528151614252,0.12158248718030829
0.12000000000000009,0.12974865659998366,0.1078218818480006
0.1300000000000001,0.1215863268892729,0.09934200900808134
0.1400000000000001,0.1123727074284737,0.0915211036204663
0.1500000000000001,0.10614459919860782,0.08503205749193488
0.16000000000000011,0.09695208845752382,0.07687108858988975
0.17000000000000012,0.09201581093996025,0.07175119020054521
0.18000000000000013,0.08702356712613574,0.06582905849671054
0.19000000000000014,0.08260512419094528,0.06231774694116473
0.20000000000000015,0.07784799425360436,0.05748329858277101
0.21000000000000016,0.07422202942874409,0.052542526664387613
0.22000000000000017,0.07016660584099078,0.04961628321376899
0.23000000000000018,0.06527550993872713,0.04654853839769556
0.24000000000000019,0.06232939755683777,0.043731477136990715
0.25000000000000017,0.06045755013667987,0.04013926587790632
0.2600000000000002,0.0586787577049388,0.0374413973123189
0.2700000000000002,0.05517539570688277,0.0348436065178403
0.2800000000000002,0.05068203973010143,0.031204069315733315
0.2900000000000002,0.04908098378859381,0.028918635525565527
0.3000000000000002,0.04939611293241763,0.02972611668816104
0.3100000000000002,0.04656244621130461,0.02710780458431335
0.32000000000000023,0.04324952899039217,0.025098597500104115
0.33000000000000024,0.044180198691910574,0.023355602599011958
0.34000000000000025,0.04313130618994049,0.022224372182077196
0.35000000000000026,0.04099682757440957,0.020224348272779344
0.36000000000000026,0.04058925448204279,0.02031616231300162
0.3700000000000003,0.03923225276374164,0.02005947420280394
0.3800000000000003,0.03914415556382097,0.01906179153291817
0.3900000000000003,0.03770547552734309,0.018488565632246746
0.4000000000000003,0.03714150033370291,0.017222627674688146
0.4100000000000003,0.03888217831412211,0.01843667158900535
0.4200000000000003,0.03559444645564547,0.016970735698716273
0.4300000000000003,0.03732669517087334,0.017949864942761802
0.44000000000000034,0.036695655952144066,0.017257871240632588
0.45000000000000034,0.03496735324632464,0.01583725448043862
0.46000000000000035,0.03459488607704294,0.01530355560365428
0.47000000000000036,0.03401999309281102,0.01434436922868078
0.48000000000000037,0.03614047070001809,0.015482566444581682
0.4900000000000004,0.03583138887523446,0.014741683458651815
0.5000000000000003,0.03278902040165426,0.014828897741126808
0.5100000000000003,0.034441806292138555,0.014534616286097979
0.5200000000000004,0.03440277305922126,0.013117756351688723
0.5300000000000004,0.03366319725901291,0.012985328288152662
0.5400000000000004,0.030744984884643094,0.012403055254089742
0.5500000000000004,0.032138141608845254,0.012314465415963727
0.5600000000000004,0.0325862042900616,0.01265321116435909
0.5700000000000004,0.0300272478163477,0.011920069935499858
0.5800000000000004,0.0333387993015743,0.012009983569985469
0.5900000000000004,0.03300047125648825,0.012628397647029152
0.6000000000000004,0.03169428451138673,0.01308794578608134
0.6100000000000004,0.029523383776840398,0.012151242533999351
0.6200000000000004,0.03089342165439278,0.01088787981351423
0.6300000000000004,0.030355744885768796,0.01167947751465913
0.6400000000000005,0.03089910328476298,0.011517263841848228
0.6500000000000005,0.030351368828855873,0.011885660498639311
0.6600000000000005,0.03093850307968578,0.00998483508572794
0.6700000000000005,0.03059868240815438,0.010807376020771349
0.6800000000000005,0.03146257235118742,0.011118600239615355
0.6900000000000005,0.03069193209651702,0.011733059910659467
0.7000000000000005,0.029830634306897644,0.010784519155348747
0.7100000000000005,0.029823917636226077,0.00964184198656695
0.7200000000000005,0.031656439222042775,0.010536997350089849
0.7300000000000005,0.030151649198493165,0.010217500320268963
0.7400000000000005,0.028622036428434892,0.010403804724574812
0.7500000000000006,0.0318723905629834,0.01048659887637817
0.7600000000000006,0.029319877199937363,0.010507278782909576
0.7700000000000006,0.03026832175653947,0.010685297993294658
0.7800000000000006,0.03296966772948407,0.011147363040374723
0.7900000000000006,0.029805279896375752,0.009981590840470895
0.8000000000000006,0.030469982092501947,0.010749135209389565
0.8100000000000006,0.028554150707204313,0.00924429600149292
0.8200000000000006,0.03086188042489192,0.010187199727338688
0.8300000000000006,0.0264497427022065,0.00947365858981158
0.8400000000000006,0.027967747543382514,0.00965126876419515
0.8500000000000006,0.030826450313272535,0.00935201286872741
0.8600000000000007,0.028909113372915605,0.009231659798657175
0.8700000000000007,0.028826380810640626,0.009151207471287235
0.8800000000000007,0.028430977110127955,0.00902407021245899
0.8900000000000007,0.027671694683374933,0.008914545207836569
0.9000000000000007,0.027359783705185128,0.008295504730014764
0.9100000000000007,0.029964648868151686,0.00876390957301454
0.9200000000000007,0.02876590568501148,0.008220132095368959
0.9300000000000007,0.028536486058135063,0.008298181532898267
0.9400000000000007,0.029046448066003202,0.008183694912160488
0.9500000000000007,0.02644512234301588,0.008678904400583495
0.9600000000000007,0.028291379178194683,0.008750297653367088
0.9700000000000008,0.027198861821901704,0.008213693370940089
0.9800000000000008,0.02612380653436983,0.00759071552351419
0.9900000000000008,0.028982526227583173,0.008910133982495577
1.0000000000000007,0.029758861892550947,0.009978552981362649
1.0100000000000007,0.026926315357804157,0.00803468799790523
1.0200000000000007,0.026189552013373987,0.00783635916834256
1.0300000000000007,0.026676921267882885,0.007874752251154759
1.0400000000000007,0.026694302222944256,0.007749585263768305
1.0500000000000007,0.02993594074186128,0.008307864820527578
1.0600000000000007,0.029916524100421345,0.008836621343700165
1.0700000000000007,0.028486887823256084,0.007637854449730236
1.0800000000000007,0.02612046586989628,0.007961747819214805
1.0900000000000007,0.028855887897102177,0.007206298009083911
1.1000000000000008,0.027095825543533947,0.00723972216143991
1.1100000000000008,0.026065569769255184,0.007974128205113767
1.1200000000000008,0.029718486797070093,0.008137508596565427
1.1300000000000008,0.027295942271485085,0.0075915746519269545
1.1400000000000008,0.02747400514932022,0.007174379499723439
1.1500000000000008,0.026024912724552485,0.008096006382032157
1.1600000000000008,0.025582730748501127,0.0073059700612110616
1.1700000000000008,0.025579724839378093,0.0065399867720908065
1.1800000000000008,0.026002396538267046,0.006974150167136577
1.1900000000000008,0.02713773722201315,0.006760279222870601
1.2000000000000008,0.028359105320776345,0.0072543853984760424
1.2100000000000009,0.029190897661276714,0.008094008603759272
1.2200000000000009,0.029128452825074053,0.00856779363939392
1.2300000000000009,0.02805973116874372,0.007921726441273353
1.2400000000000009,0.02774152207105958,0.008295295967669706
1.2500000000000009,0.028097479536216025,0.008583725108485422
1.260000000000001,0.02735380647438177,0.007414763299774848
1.270000000000001,0.02599439526888762,0.007381045586943083
1.280000000000001,0.026811370578628334,0.007277518226864298
1.290000000000001,0.026345513872205302,0.00823698998883981
1.300000000000001,0.026036099228696704,0.0061876498703869855
1.310000000000001,0.027730892080336873,0.008250571457498926
1.320000000000001,0.026551868218606466,0.007035467628661109
1.330000000000001,0.02738470971829811,0.007677236797454194
1.340000000000001,0.027917774143841667,0.007512221108336738
1.350000000000001,0.02658028655414478,0.007670762423469427
1.360000000000001,0.027781761653096055,0.007413618199648984
1.370000000000001,0.027881598543153547,0.007292442844779598
1.380000000000001,0.027131187014196895,0.00743613351504915
1.390000000000001,0.02838734715383658,0.007986824277923722
1.400000000000001,0.029923494478521807,0.007468735413267046
1.410000000000001,0.026623076921824983,0.006622651697098213
1.420000000000001,0.02657633043969881,0.006646279317938523
1.430000000000001,0.02644534544494246,0.00789980883705795
1.440000000000001,0.02596536337482873,0.006649812532707474
1.450000000000001,0.029054406152419828,0.007932240865090593
1.460000000000001,0.027644417686506325,0.008832378551659317
1.470000000000001,0.025595401058739177,0.007543403037855666
1.480000000000001,0.028518711517202987,0.008159606578744575
1.490000000000001,0.027052355597735778,0.007364106077695964
