t,H32_M4,H16_M4,H32_M9,H16_M9,H32_M16,H16_M16,H32_ctrl,H16_ctrl
0,0.44254492,0.41490838,0.79609755,0.72794642,0.55720864,0.48102715,0.024453951,0.0064906808
0.1,0.4382122,0.40445671,0.77120476,0.69975696,0.52286969,0.43496059,0.024406444,0.0066135472
0.2,0.4325634,0.39343749,0.77042868,0.69340315,0.500897,0.41090536,0.025839942,0.0065410082
0.3,0.43543153,0.39094876,0.76866361,0.69825719,0.47348159,0.3805427,0.027151678,0.0068421235
0.4,0.43357135,0.3914006,0.7561292,0.6977629,0.45968002,0.36990153,0.025027391,0.0066976925
0.5,0.43133574,0.38645545,0.73118827,0.67070965,0.46167022,0.37056294,0.026470107,0.0062437686
0.6,0.42845129,0.37738206,0.70615457,0.61514484,0.44691245,0.33733386,0.026319746,0.0064431469
0.7,0.43088243,0.3753701,0.67204408,0.58110026,0.43973581,0.33957844,0.026590226,0.0064011317
0.8,0.43044698,0.37694034,0.65174093,0.54124539,0.43659401,0.34538156,0.026446078,0.0062795003
0.9,0.43094878,0.38160248,0.64182264,0.52746803,0.43243413,0.33557644,0.025178496,0.0063646265
1,0.43411666,0.38618679,0.62015687,0.50078685,0.41146285,0.32201105,0.024343991,0.006259383
1.1,0.43246003,0.39774526,0.58941468,0.48997326,0.39010926,0.30419407,0.024241368,0.0062301186
1.2,0.43645593,0.40373487,0.58081968,0.46019322,0.38256932,0.28457307,0.024841783,0.0071758862
1.3,0.43332773,0.39585984,0.55953883,0.43994602,0.36208116,0.26071316,0.025643767,0.0066463175
1.4,0.43232011,0.39127082,0.55933903,0.42757786,0.34901387,0.25832436,0.02450148,0.0061792851
1.5,0.42938874,0.38591711,0.57196539,0.43993162,0.35125369,0.26527353,0.024175129,0.0066656996
1.6,0.43193499,0.38572796,0.56752089,0.43776541,0.3454611,0.24609873,0.025594412,0.0069048973
1.7,0.42879423,0.38444064,0.55635532,0.41037611,0.33107103,0.23012809,0.023485718,0.0059659933
1.8,0.42827938,0.38846572,0.54203081,0.40855867,0.32732589,0.22705577,0.024561046,0.0064385626
1.9,0.43004128,0.38843772,0.54254509,0.4117902,0.32812019,0.23376804,0.025644214,0.0070687568
2,0.42918682,0.38803907,0.55037881,0.4067586,0.32490213,0.22056244,0.023535322,0.0065693205
2.1,0.42868087,0.38761898,0.56275129,0.44742969,0.29841294,0.20880031,0.023671825,0.0066690178
2.2,0.42887736,0.37993711,0.56916366,0.43234439,0.29518962,0.19107538,0.023662263,0.0060629949
2.3,0.42798997,0.37883471,0.55790598,0.45647517,0.28662602,0.19566172,0.024052804,0.0065447163
2.4,0.42540551,0.37043699,0.5640329,0.45289859,0.27138773,0.18641549,0.026085337,0.0070690115
2.5,0.42436991,0.36564986,0.55098486,0.44378431,0.27624152,0.19707569,0.025858307,0.0059686696
2.6,0.42158395,0.36495666,0.53650518,0.41722632,0.27372406,0.18900518,0.025558613,0.0063472649
2.7,0.42010455,0.36457611,0.52566608,0.41150751,0.26711489,0.18841177,0.024277882,0.0061975929
2.8,0.41855813,0.36252913,0.52069837,0.40058054,0.26169343,0.17500961,0.025124653,0.0064271901
2.9,0.41895757,0.3616075,0.50523329,0.37663253,0.26040534,0.17853866,0.024384902,0.0059751496
3,0.41963349,0.36035403,0.50342279,0.37382597,0.26012705,0.18509062,0.024383196,0.0061052422
3.1,0.4175201,0.35993523,0.51956893,0.39977824,0.24822997,0.16950851,0.024956382,0.0061964313
3.2,0.41887635,0.36075931,0.51916185,0.3961304,0.23845339,0.1696961,0.024893898,0.0067060105
3.3,0.41808457,0.3611902,0.50233212,0.38590561,0.23739529,0.17339593,0.027264676,0.0077295203
3.4,0.4188814,0.3635582,0.50191022,0.37918402,0.23566012,0.16444249,0.025838689,0.0070342764
3.5,0.42390206,0.37152332,0.49472232,0.36535709,0.23486532,0.16693463,0.025235862,0.0073889693
3.6,0.42200696,0.37516111,0.49610694,0.36319841,0.24379948,0.17902925,0.025068271,0.0062213264
3.7,0.42305501,0.38268906,0.50848335,0.3818802,0.2342632,0.16139633,0.026053076,0.006440333
3.8,0.42665257,0.38664822,0.51492403,0.39160484,0.23269546,0.16111553,0.026637976,0.0070680358
3.9,0.42840497,0.38314414,0.52843728,0.42761097,0.22164031,0.15082312,0.027088718,0.0062358869
4,0.43322762,0.38435242,0.52150727,0.41593044,0.21553958,0.15127702,0.025400584,0.0067678334
4.1,0.43117306,0.38808524,0.51762324,0.4070342,0.21498401,0.151987,0.025217465,0.0067928329
4.2,0.43576648,0.39692284,0.49984435,0.36553868,0.21820625,0.14845717,0.024959991,0.006228224
4.3,0.4340462,0.40161425,0.49561271,0.37822755,0.21419605,0.14144967,0.025193543,0.0066960895
4.4,0.43595904,0.40366677,0.47900541,0.3617289,0.20724426,0.13604935,0.026267735,0.0065996142
4.5,0.43593994,0.39699986,0.46931623,0.34706982,0.19607322,0.12874331,0.02616551,0.0076885526
4.6,0.43584985,0.39791226,0.46404994,0.3457407,0.20139344,0.12784392,0.02670233,0.0058981064
4.7,0.43547615,0.39669277,0.45485588,0.32666497,0.1833529,0.12232677,0.027886019,0.0064718822
4.8,0.43404552,0.39476113,0.45626091,0.3233418,0.18117286,0.1229577,0.026402022,0.0060511293
4.9,0.43106162,0.38903988,0.44314249,0.30203885,0.17641927,0.11317639,0.026755549,0.0062114393
5,0.43071696,0.38024514,0.42957695,0.30228338,0.18216317,0.11881317,0.0258459,0.0060944362
5.1,0.42130101,0.37091536,0.42388627,0.32040206,0.18177565,0.12117463,0.025470435,0.007058092
5.2,0.42032631,0.37288396,0.42346337,0.31785592,0.17280877,0.11357476,0.026320699,0.0065664674
5.3,0.41685573,0.36954095,0.43774556,0.33228939,0.16573179,0.10894443,0.027790476,0.0069722382
5.4,0.4061095,0.34932044,0.43475981,0.32236012,0.17183151,0.11101368,0.027257364,0.0069231016
5.5,0.40022221,0.33839276,0.41932519,0.29693483,0.16356486,0.10202724,0.027003379,0.0074760401
5.6,0.39429296,0.33480272,0.4013815,0.29167603,0.15380397,0.090115091,0.025942408,0.007484859
5.7,0.39422597,0.33362922,0.39403065,0.29351022,0.15408781,0.092182393,0.030278116,0.0078374161
5.8,0.39326542,0.33431292,0.39957746,0.28387726,0.14808297,0.09394781,0.026920749,0.0064504231
5.9,0.3925037,0.33556525,0.3856942,0.27524121,0.14258182,0.077421815,0.028343326,0.0073721509
6,0.39129826,0.33355423,0.3820458,0.29247731,0.13898609,0.08456962,0.025991322,0.0070919328
6.1,0.38706527,0.32838653,0.37984797,0.27880594,0.13915349,0.085013046,0.026775551,0.0075828609
6.2,0.38304052,0.32349504,0.3898585,0.28090398,0.14439349,0.085594103,0.026287243,0.0074401088
6.3,0.38002044,0.32167329,0.39078835,0.27940029,0.14288622,0.089503117,0.02774501,0.0073301213
6.4,0.38360483,0.3237154,0.39318206,0.28798827,0.13836388,0.087314643,0.027257254,0.0074172159
6.5,0.38102651,0.31677759,0.38402865,0.27497737,0.13469016,0.084518609,0.025939833,0.0064937241
6.6,0.37631482,0.30883288,0.38243848,0.27628629,0.13447245,0.082943847,0.027724781,0.006734935
6.7,0.37952473,0.30491111,0.38587522,0.27810189,0.13374783,0.080633362,0.027625135,0.0061741593
6.8,0.37797141,0.30119542,0.40058114,0.28361132,0.13095901,0.077530037,0.027422139,0.0071862352
6.9,0.37938027,0.2971213,0.39696791,0.28748257,0.12726618,0.074886374,0.027781793,0.0073576672
7,0.37363291,0.29595541,0.40738254,0.29944037,0.12111952,0.066592959,0.026484942,0.0065955411
7.1,0.37251464,0.29509397,0.4225783,0.3048729,0.12021797,0.072478761,0.027193406,0.0075804513
7.2,0.37298259,0.29641984,0.41006642,0.27901935,0.11491079,0.071521822,0.02645795,0.0069780445
7.3,0.37179864,0.29589884,0.39026425,0.28053783,0.11861402,0.070361375,0.027934972,0.0079488457
7.4,0.36967283,0.29610919,0.38171021,0.26986818,0.11257692,0.063545895,0.028144171,0.0074836868
7.5,0.369666,0.30003163,0.36865993,0.27728742,0.10678688,0.058056384,0.028147097,0.0072364319
7.6,0.37460871,0.30460132,0.35901453,0.25903818,0.1028231,0.056240087,0.027721542,0.0071908131
7.7,0.37280943,0.3052746,0.35414197,0.24226305,0.096613704,0.05709037,0.026358321,0.0075060683
7.8,0.38031174,0.31314479,0.36074224,0.25902621,0.10144091,0.056475443,0.027032907,0.0074539482
7.9,0.38003305,0.3156929,0.34953212,0.25062065,0.10062005,0.058901124,0.027162021,0.0073548683
8,0.3821924,0.31757111,0.33322164,0.21505543,0.10474507,0.054789342,0.027340777,0.0075522697
8.1,0.38630907,0.31884714,0.33668522,0.20231349,0.094774557,0.049915551,0.026632239,0.0065322065
8.2,0.38949854,0.32046587,0.33461421,0.1974175,0.097370854,0.055922869,0.026892696,0.0075364992
8.3,0.38220437,0.31843233,0.33170629,0.20102023,0.10597786,0.064976176,0.025617112,0.0071957418
8.4,0.39038421,0.32643304,0.34385273,0.22860562,0.10099211,0.059844621,0.025796206,0.0070990246
8.5,0.39768732,0.33370689,0.33617635,0.23662357,0.094535366,0.049527307,0.024670917,0.0068242761
8.6,0.39655245,0.34068129,0.33597152,0.23339814,0.091064669,0.05157707,0.024627504,0.006651085
8.7,0.39387167,0.34164358,0.33917514,0.24602416,0.09411103,0.053833925,0.02580497,0.0062198064
8.8,0.39894377,0.33931019,0.34996942,0.25096778,0.098491297,0.057595268,0.027923975,0.0069027961
8.9,0.40128732,0.34037204,0.34590051,0.22972225,0.10075113,0.061068256,0.028619219,0.0075035324
9,0.39897108,0.34139825,0.33842408,0.24046367,0.094694392,0.057407123,0.024841667,0.0064482011
9.1,0.39269057,0.33420147,0.32408862,0.22469328,0.091984381,0.052066059,0.024401182,0.0058613339
9.2,0.39194882,0.33353961,0.31683442,0.21338108,0.092073138,0.050340319,0.026998287,0.0062942491
9.3,0.39294391,0.33146953,0.31117008,0.20638036,0.086378862,0.047909849,0.027789562,0.0068743087
9.4,0.39116484,0.32318358,0.3061599,0.21015962,0.087096303,0.049550536,0.026172596,0.0065881125
9.5,0.38776705,0.32274543,0.29944912,0.20354182,0.083406412,0.04650019,0.024744258,0.0061798124
9.6,0.3830639,0.32030686,0.2922495,0.20595271,0.080940177,0.04129381,0.026026054,0.0073499865
9.7,0.37960653,0.31370962,0.28345597,0.19836532,0.079525688,0.040146294,0.027936132,0.0067524156
9.8,0.3826179,0.32038003,0.28405491,0.18633442,0.078269167,0.037043514,0.026652568,0.0064454938
9.9,0.38543073,0.31871944,0.28723764,0.19882825,0.07598502,0.035710893,0.02729893,0.0062943511
10,0.38058484,0.31473765,0.28563396,0.20281113,0.081310767,0.03850164,0.02700456,0.0068269295
10.1,0.38627509,0.31471145,0.29461117,0.20418653,0.077342178,0.039622677,0.02709406,0.0066072579
10.2,0.38352525,0.31172685,0.28321966,0.19514294,0.079129822,0.035627909,0.026744523,0.006217351
10.3,0.37630035,0.30226309,0.27699081,0.18873265,0.075607407,0.034776894,0.025544054,0.0062170382
10.4,0.3802867,0.30687413,0.26288838,0.18046991,0.072801962,0.037552446,0.026283184,0.0059474337
10.5,0.37985303,0.31321257,0.26260785,0.18098284,0.07266811,0.035608191,0.026643389,0.0058933003
10.6,0.37241085,0.31049392,0.25445723,0.17505089,0.070153813,0.032621465,0.026829069,0.0065093301
10.7,0.36648725,0.30410101,0.24894456,0.1664157,0.064364178,0.032724291,0.028161719,0.0068050698
10.8,0.36114985,0.30179797,0.23862705,0.15756198,0.065410617,0.032205873,0.027191548,0.0065873788
10.9,0.35858687,0.29291594,0.23940206,0.16261842,0.065430992,0.027156686,0.024091811,0.0067776137
11,0.35450882,0.28113836,0.23581181,0.15945486,0.061695303,0.028687025,0.025895737,0.0061250065
11.1,0.35589089,0.27618345,0.23488985,0.15908317,0.058494457,0.027384556,0.025756926,0.0060373508
11.2,0.3529968,0.27382305,0.22372021,0.15799163,0.057250806,0.027319358,0.025765324,0.0072909909
11.3,0.35170053,0.27056532,0.21728631,0.15331015,0.058543687,0.025606805,0.026949398,0.0068708221
11.4,0.35420328,0.26829492,0.21968506,0.15465188,0.056929251,0.025718736,0.025422235,0.0065660754
11.5,0.34972486,0.26869489,0.22773047,0.15404408,0.053255348,0.021605154,0.025163303,0.0066901158
11.6,0.35200694,0.27289869,0.23134686,0.15553495,0.055374024,0.022703932,0.025641826,0.0063194191
11.7,0.35598487,0.28229918,0.23960944,0.16499078,0.056255605,0.023379857,0.025911056,0.0069165982
11.8,0.35846283,0.28509899,0.23680588,0.16463296,0.051233117,0.022173446,0.024713947,0.006462753
11.9,0.36263673,0.29372107,0.23345522,0.16105274,0.049830103,0.021869366,0.025888281,0.0055453671
12,0.36601569,0.30323727,0.22889849,0.16775167,0.050846359,0.02128757,0.027478542,0.0068859491
12.1,0.36493046,0.300541,0.22448793,0.15485557,0.049343585,0.021371893,0.028035123,0.0071278526
12.2,0.36612084,0.30255872,0.22312479,0.14790707,0.050770675,0.018466048,0.025799752,0.0061787189
12.3,0.36771533,0.2978332,0.21374422,0.15282707,0.048916868,0.018380568,0.026156516,0.0067260576
12.4,0.36719282,0.29133262,0.20635021,0.15041147,0.049355441,0.019242309,0.026088984,0.0068179236
12.5,0.36703121,0.28933156,0.21654732,0.14881616,0.045924915,0.019443001,0.023904228,0.006523883
12.566371,0.37698652,0.30258505,0.21683384,0.14822025,0.045730146,0.017773349,0.024865306,0.0071737179
